<?xml version = '1.0' encoding = 'UTF-8'?>
<Diagram class="oracle.dbtools.crest.swingui.logical.DPVLogical" name="Logical" id="64C64EEE-BDD7-496D-E3EE-D05E253437A7">
<createdBy>KimPhung</createdBy>
<createdTime>2014-10-29 21:20:44 UTC</createdTime>
<autoRoute>false</autoRoute>
<boxInbox>true</boxInbox>
<showLegend>false</showLegend>
<showLabels>false</showLabels>
<showRelAttributes>false</showRelAttributes>
<showGrid>false</showGrid>
<diagramColor>-1</diagramColor>
<display>false</display>
<notation>2</notation>
<objectViews>
<OView class="oracle.dbtools.crest.swingui.logical.TVEntity" oid="333E1F41-1C14-A41A-6FF6-696A48B48489" otype="Entity" vid="FFC53436-78B4-7BC3-5863-55755C57FFCA">
<hideElementsInCurrentOnly>false</hideElementsInCurrentOnly>
<bounds x="487" y="296" width="236" height="107"/>
</OView>
<OView class="oracle.dbtools.crest.swingui.logical.TVEntity" oid="3A50817A-3EC3-9149-16B5-9D60EDED0390" otype="Entity" vid="4C11ACC1-BFD4-ECB3-97D5-35E946ADC275">
<hideElementsInCurrentOnly>false</hideElementsInCurrentOnly>
<bounds x="797" y="61" width="217" height="146"/>
</OView>
<OView class="oracle.dbtools.crest.swingui.logical.TVEntity" oid="3DF2BDD9-FFF1-5E4A-5658-745BA394B02B" otype="Entity" vid="E9D0FBF2-039F-88A2-20F2-2EDABC3BBE7F">
<hideElementsInCurrentOnly>false</hideElementsInCurrentOnly>
<bounds x="794" y="269" width="219" height="168"/>
</OView>
<OView class="oracle.dbtools.crest.swingui.TVNote" oid="8F2A2B7D-DBA4-822D-835B-68275C25A7EF" otype="Note" vid="3A00C789-50B7-244C-F464-343CEA7ED4E3">
<hideElementsInCurrentOnly>false</hideElementsInCurrentOnly>
<bounds x="375" y="434" width="266" height="69"/>
</OView>
<OView class="oracle.dbtools.crest.swingui.logical.TVEntity" oid="92118130-2F48-6A63-560A-A9CCDDD5B98B" otype="Entity" vid="C9C8F075-75FF-4126-45C4-2CA19995D1A4">
<hideElementsInCurrentOnly>false</hideElementsInCurrentOnly>
<bounds x="78" y="344" width="234" height="170"/>
</OView>
<OView class="oracle.dbtools.crest.swingui.logical.TVEntity" oid="950DBE03-1D36-8D7F-0690-112ABB41A062" otype="Entity" vid="4A0EEAA6-E8FE-A415-DCF4-84B722DC2752">
<hideElementsInCurrentOnly>false</hideElementsInCurrentOnly>
<bounds x="166" y="17" width="238" height="279"/>
</OView>
<OView class="oracle.dbtools.crest.swingui.logical.TVEntity" oid="D5CF23CD-50B5-F495-F384-FCEC4070022A" otype="Entity" vid="19977784-171E-0CA4-AEE6-B05A06877F46">
<hideElementsInCurrentOnly>false</hideElementsInCurrentOnly>
<bounds x="521" y="21" width="236" height="96"/>
</OView>
</objectViews>
<connectors>
<Connector class="oracle.dbtools.crest.swingui.logical.TVRelation" oid="087D5BDF-6435-A5B3-1A4B-40665D14C6D1" otype="Relation" vid_source="4A0EEAA6-E8FE-A415-DCF4-84B722DC2752" vid_target="FFC53436-78B4-7BC3-5863-55755C57FFCA">
<hideElementsInCurrentOnly>false</hideElementsInCurrentOnly>
<lineWidth>1</lineWidth>
<points>
<point x="404" y="296"/>
<point x="487" y="296"/>
</points>
</Connector>
<Connector class="oracle.dbtools.crest.swingui.logical.TVRelation" oid="0FD1E1A0-420F-6D4B-8D5F-6FE6C585642C" otype="Relation" vid_source="4C11ACC1-BFD4-ECB3-97D5-35E946ADC275" vid_target="19977784-171E-0CA4-AEE6-B05A06877F46">
<hideElementsInCurrentOnly>false</hideElementsInCurrentOnly>
<lineWidth>1</lineWidth>
<points>
<point x="797" y="89"/>
<point x="757" y="89"/>
</points>
</Connector>
<Connector class="oracle.dbtools.crest.swingui.logical.TVRelation" oid="3CE0DDB9-EDE0-3938-9581-81CE5E418F5D" otype="Relation" vid_source="E9D0FBF2-039F-88A2-20F2-2EDABC3BBE7F" vid_target="FFC53436-78B4-7BC3-5863-55755C57FFCA">
<hideElementsInCurrentOnly>false</hideElementsInCurrentOnly>
<lineWidth>1</lineWidth>
<points>
<point x="794" y="349"/>
<point x="723" y="349"/>
</points>
</Connector>
<Connector class="oracle.dbtools.crest.swingui.logical.TVRelation" oid="9036B9FC-1B1C-6EE2-1963-5AC5A72625B9" otype="Relation" vid_source="4A0EEAA6-E8FE-A415-DCF4-84B722DC2752" vid_target="19977784-171E-0CA4-AEE6-B05A06877F46">
<hideElementsInCurrentOnly>false</hideElementsInCurrentOnly>
<lineWidth>1</lineWidth>
<points>
<point x="404" y="69"/>
<point x="521" y="69"/>
</points>
</Connector>
<Connector class="oracle.dbtools.crest.swingui.logical.TVRelation" oid="916E8C3B-4E53-92CC-98E3-68C9393CAA02" otype="Relation" vid_source="4C11ACC1-BFD4-ECB3-97D5-35E946ADC275" vid_target="E9D0FBF2-039F-88A2-20F2-2EDABC3BBE7F">
<hideElementsInCurrentOnly>false</hideElementsInCurrentOnly>
<lineWidth>1</lineWidth>
<points>
<point x="905" y="207"/>
<point x="905" y="269"/>
</points>
</Connector>
<Connector class="oracle.dbtools.crest.swingui.logical.TVRelation" oid="C0563CCB-2E86-FC75-6AFC-42AF06AB0A96" otype="Relation" vid_source="4A0EEAA6-E8FE-A415-DCF4-84B722DC2752" vid_target="4A0EEAA6-E8FE-A415-DCF4-84B722DC2752">
<hideElementsInCurrentOnly>false</hideElementsInCurrentOnly>
<lineWidth>1</lineWidth>
<points>
<point x="404" y="89"/>
<point x="442" y="89"/>
<point x="442" y="238"/>
<point x="266" y="238"/>
<point x="266" y="296"/>
</points>
</Connector>
<Connector class="oracle.dbtools.crest.swingui.logical.TVRelation" oid="EDA1952F-CC28-59A7-0F0C-2563350A254B" otype="Relation" vid_source="4A0EEAA6-E8FE-A415-DCF4-84B722DC2752" vid_target="C9C8F075-75FF-4126-45C4-2CA19995D1A4">
<hideElementsInCurrentOnly>false</hideElementsInCurrentOnly>
<lineWidth>1</lineWidth>
<points>
<point x="249" y="296"/>
<point x="249" y="344"/>
</points>
</Connector>
</connectors>
</Diagram>