<?xml version = '1.0' encoding = 'UTF-8'?>
<Diagram class="oracle.dbtools.crest.swingui.logical.DPVLogical" name="Logical" id="30A6BEC7-686A-E805-CD1C-915749ABCC48">
<createdBy>KimPhung</createdBy>
<createdTime>2014-11-02 21:58:59 UTC</createdTime>
<autoRoute>false</autoRoute>
<boxInbox>false</boxInbox>
<showLegend>false</showLegend>
<showLabels>false</showLabels>
<showRelAttributes>false</showRelAttributes>
<showGrid>false</showGrid>
<diagramColor>-1</diagramColor>
<display>false</display>
<notation>2</notation>
<objectViews>
<OView class="oracle.dbtools.crest.swingui.logical.TVEntity" oid="0094764E-9CB7-AEC4-5010-76282C842B2F" otype="Entity" vid="9EA6BA03-95EA-CEC8-0962-937E3901DC69">
<hideElementsInCurrentOnly>false</hideElementsInCurrentOnly>
<bounds x="844" y="213" width="199" height="52"/>
</OView>
<OView class="oracle.dbtools.crest.swingui.TVNote" oid="0100BE1A-A699-6A42-8150-BCE2E0069CF1" otype="Note" vid="5411D836-5F4C-1531-D33B-1A2E63D9CCDF">
<hideElementsInCurrentOnly>false</hideElementsInCurrentOnly>
<bounds x="360" y="439" width="220" height="64"/>
</OView>
<OView class="oracle.dbtools.crest.swingui.logical.TVEntity" oid="0AB8CEE3-D15D-13A1-E96A-2402C15A4F82" otype="Entity" vid="B9781021-E293-557C-2AF6-F13220217417">
<hideElementsInCurrentOnly>false</hideElementsInCurrentOnly>
<bounds x="37" y="341" width="234" height="172"/>
</OView>
<OView class="oracle.dbtools.crest.swingui.logical.TVEntity" oid="236F34ED-97C5-B3EA-5203-D0449C5F0382" otype="Entity" vid="E4B21317-DD2E-D3A5-A741-8264B9065FB2">
<hideElementsInCurrentOnly>false</hideElementsInCurrentOnly>
<bounds x="843" y="304" width="187" height="46"/>
</OView>
<OView class="oracle.dbtools.crest.swingui.logical.TVEntity" oid="32B7EEBF-8DF2-5779-5577-40739ABEFB40" otype="Entity" vid="3607E1EE-BD27-2D4D-30B6-425DDDFCDA51">
<hideElementsInCurrentOnly>false</hideElementsInCurrentOnly>
<bounds x="187" y="10" width="227" height="281"/>
</OView>
<OView class="oracle.dbtools.crest.swingui.logical.TVEntity" oid="9D1ED602-F29C-301E-FDB7-7BB5D0F20364" otype="Entity" vid="19BBCB7A-8D3C-E926-CF69-FCBA2CE032FF">
<hideElementsInCurrentOnly>false</hideElementsInCurrentOnly>
<bounds x="573" y="213" width="222" height="150"/>
</OView>
<OView class="oracle.dbtools.crest.swingui.logical.TVEntity" oid="B83E575D-F8FC-C475-82BE-97681986BB81" otype="Entity" vid="966F78D6-A94F-B913-82C7-175215A91B65">
<hideElementsInCurrentOnly>false</hideElementsInCurrentOnly>
<bounds x="607" y="14" width="234" height="147"/>
</OView>
<OView class="oracle.dbtools.crest.swingui.logical.TVEntity" oid="D2A8BDAA-1E8B-ECC1-7CEA-40163EE1BF63" otype="Entity" vid="7D93D837-807C-5EBB-2314-939F1339A1DF">
<hideElementsInCurrentOnly>false</hideElementsInCurrentOnly>
<bounds x="684" y="408" width="154" height="29"/>
</OView>
</objectViews>
<connectors>
<Connector class="oracle.dbtools.crest.swingui.logical.TVInheritanceRelation" oid="0E73A90F-DADD-F438-AE8E-66CB52DEE343" otype="Hierarchy relation" vid_source="19BBCB7A-8D3C-E926-CF69-FCBA2CE032FF" vid_target="7D93D837-807C-5EBB-2314-939F1339A1DF">
<hideElementsInCurrentOnly>false</hideElementsInCurrentOnly>
<lineWidth>1</lineWidth>
<points>
<point x="739" y="363"/>
<point x="739" y="408"/>
</points>
</Connector>
<Connector class="oracle.dbtools.crest.swingui.logical.TVInheritanceRelation" oid="2157BE99-A106-4087-1600-4CB0A575CCEF" otype="Hierarchy relation" vid_source="19BBCB7A-8D3C-E926-CF69-FCBA2CE032FF" vid_target="9EA6BA03-95EA-CEC8-0962-937E3901DC69">
<hideElementsInCurrentOnly>false</hideElementsInCurrentOnly>
<lineWidth>1</lineWidth>
<points>
<point x="795" y="239"/>
<point x="844" y="239"/>
</points>
</Connector>
<Connector class="oracle.dbtools.crest.swingui.logical.TVRelation" oid="40FE58CC-EC9C-FEF7-5ED6-42783F61F81B" otype="Relation" vid_source="966F78D6-A94F-B913-82C7-175215A91B65" vid_target="19BBCB7A-8D3C-E926-CF69-FCBA2CE032FF">
<hideElementsInCurrentOnly>false</hideElementsInCurrentOnly>
<lineWidth>1</lineWidth>
<points>
<point x="711" y="161"/>
<point x="711" y="213"/>
</points>
</Connector>
<Connector class="oracle.dbtools.crest.swingui.logical.TVInheritanceRelation" oid="4A56694B-301D-07EA-E9F4-7FF6C91BC893" otype="Hierarchy relation" vid_source="19BBCB7A-8D3C-E926-CF69-FCBA2CE032FF" vid_target="E4B21317-DD2E-D3A5-A741-8264B9065FB2">
<hideElementsInCurrentOnly>false</hideElementsInCurrentOnly>
<lineWidth>1</lineWidth>
<points>
<point x="795" y="327"/>
<point x="843" y="327"/>
</points>
</Connector>
<Connector class="oracle.dbtools.crest.swingui.logical.TVRelation" oid="4FABC5D4-B550-28DF-32C6-387770B6766D" otype="Relation" vid_source="3607E1EE-BD27-2D4D-30B6-425DDDFCDA51" vid_target="B9781021-E293-557C-2AF6-F13220217417">
<hideElementsInCurrentOnly>false</hideElementsInCurrentOnly>
<lineWidth>1</lineWidth>
<points>
<point x="229" y="291"/>
<point x="229" y="341"/>
</points>
</Connector>
<Connector class="oracle.dbtools.crest.swingui.logical.TVRelation" oid="9B820F59-AEB8-135D-86EB-E45779B279F9" otype="Relation" vid_source="3607E1EE-BD27-2D4D-30B6-425DDDFCDA51" vid_target="966F78D6-A94F-B913-82C7-175215A91B65">
<hideElementsInCurrentOnly>false</hideElementsInCurrentOnly>
<lineWidth>1</lineWidth>
<points>
<point x="414" y="87"/>
<point x="607" y="87"/>
</points>
</Connector>
<Connector class="oracle.dbtools.crest.swingui.logical.TVRelation" oid="DB9C9544-D24D-AF08-49ED-9BD863278016" otype="Relation" vid_source="3607E1EE-BD27-2D4D-30B6-425DDDFCDA51" vid_target="3607E1EE-BD27-2D4D-30B6-425DDDFCDA51">
<hideElementsInCurrentOnly>false</hideElementsInCurrentOnly>
<lineWidth>1</lineWidth>
<points>
<point x="414" y="285"/>
<point x="500" y="285"/>
<point x="500" y="397"/>
<point x="369" y="397"/>
<point x="369" y="291"/>
</points>
</Connector>
<Connector class="oracle.dbtools.crest.swingui.logical.TVRelation" oid="FF83CFA1-53CC-6478-6A5C-D9909077B222" otype="Relation" vid_source="3607E1EE-BD27-2D4D-30B6-425DDDFCDA51" vid_target="19BBCB7A-8D3C-E926-CF69-FCBA2CE032FF">
<hideElementsInCurrentOnly>false</hideElementsInCurrentOnly>
<lineWidth>1</lineWidth>
<points>
<point x="414" y="252"/>
<point x="573" y="252"/>
</points>
</Connector>
</connectors>
</Diagram>