<?xml version = '1.0' encoding = 'UTF-8'?>
<Diagram class="oracle.dbtools.crest.swingui.relational.DPVRelational" name="Relational_1" id="887527E0-9CA0-45EE-E9B9-2B1B893F2F4B">
<createdBy>KimPhung</createdBy>
<createdTime>2014-11-02 22:13:28 UTC</createdTime>
<autoRoute>false</autoRoute>
<boxInbox>true</boxInbox>
<showLegend>false</showLegend>
<showLabels>false</showLabels>
<showRelAttributes>false</showRelAttributes>
<showGrid>false</showGrid>
<diagramColor>-1</diagramColor>
<display>false</display>
<notation>1</notation>
<objectViews>
<OView class="oracle.dbtools.crest.swingui.relational.TVTable" oid="01170D2F-11BD-463E-3BC7-C409147D4C10" otype="Table" vid="ABFD23CC-6456-69C0-0051-07D3519878F1">
<hideElementsInCurrentOnly>false</hideElementsInCurrentOnly>
<bounds x="519" y="402" width="236" height="107"/>
</OView>
<OView class="oracle.dbtools.crest.swingui.relational.TVTable" oid="2ABAAC45-2BD9-D6B5-4597-415571D7742A" otype="Table" vid="F2D1E6BB-722F-2AA6-FECB-15216FB47669">
<hideElementsInCurrentOnly>false</hideElementsInCurrentOnly>
<bounds x="794" y="269" width="219" height="168"/>
</OView>
<OView class="oracle.dbtools.crest.swingui.relational.TVTable" oid="48E5F395-F69B-C86A-45B9-229578C239C6" otype="Table" vid="2064472C-3C9E-B73D-FD32-C5A6B0C84728">
<hideElementsInCurrentOnly>false</hideElementsInCurrentOnly>
<bounds x="78" y="352" width="234" height="162"/>
</OView>
<OView class="oracle.dbtools.crest.swingui.relational.TVTable" oid="ADD1F052-8692-F9B7-5F02-0882EECBDC8E" otype="Table" vid="C3F66226-B8C1-921E-25E5-4CE5DEC93C77">
<hideElementsInCurrentOnly>false</hideElementsInCurrentOnly>
<bounds x="521" y="21" width="236" height="124"/>
</OView>
<OView class="oracle.dbtools.crest.swingui.relational.TVTable" oid="DBE57ABA-7811-C3D8-AC9D-8675FA43D909" otype="Table" vid="9AA0AE81-3150-38F6-3B2B-5F5CE7267FD6">
<hideElementsInCurrentOnly>false</hideElementsInCurrentOnly>
<bounds x="797" y="61" width="217" height="146"/>
</OView>
<OView class="oracle.dbtools.crest.swingui.relational.TVTable" oid="EF756050-8A84-C31A-D03D-9C23AD876363" otype="Table" vid="2BF4D672-F9CD-58AC-76EE-EA5BB259AB37">
<hideElementsInCurrentOnly>false</hideElementsInCurrentOnly>
<bounds x="166" y="17" width="238" height="279"/>
</OView>
</objectViews>
<connectors>
<Connector class="oracle.dbtools.crest.swingui.relational.TVFKRelation" oid="200E7700-7F7F-8B18-2784-E81E5F4B097F" otype="FKIndexAssociation" vid_source="9AA0AE81-3150-38F6-3B2B-5F5CE7267FD6" vid_target="C3F66226-B8C1-921E-25E5-4CE5DEC93C77">
<hideElementsInCurrentOnly>false</hideElementsInCurrentOnly>
<lineWidth>1</lineWidth>
<points>
<point x="797" y="113"/>
<point x="757" y="113"/>
</points>
</Connector>
<Connector class="oracle.dbtools.crest.swingui.relational.TVFKRelation" oid="5B5E4B0D-79C4-B8A9-86F9-7E24C2B1BBA9" otype="FKIndexAssociation" vid_source="F2D1E6BB-722F-2AA6-FECB-15216FB47669" vid_target="ABFD23CC-6456-69C0-0051-07D3519878F1">
<hideElementsInCurrentOnly>false</hideElementsInCurrentOnly>
<lineWidth>1</lineWidth>
<points>
<point x="794" y="419"/>
<point x="755" y="419"/>
</points>
</Connector>
<Connector class="oracle.dbtools.crest.swingui.relational.TVFKRelation" oid="7E07991B-39ED-41BB-9696-9F5D9A8AF78B" otype="FKIndexAssociation" vid_source="2BF4D672-F9CD-58AC-76EE-EA5BB259AB37" vid_target="ABFD23CC-6456-69C0-0051-07D3519878F1">
<hideElementsInCurrentOnly>false</hideElementsInCurrentOnly>
<lineWidth>1</lineWidth>
<points>
<point x="404" y="156"/>
<point x="637" y="402"/>
</points>
</Connector>
<Connector class="oracle.dbtools.crest.swingui.relational.TVFKRelation" oid="9CA84CF0-E00F-AD32-1FC7-1B52F92DE913" otype="FKIndexAssociation" vid_source="9AA0AE81-3150-38F6-3B2B-5F5CE7267FD6" vid_target="F2D1E6BB-722F-2AA6-FECB-15216FB47669">
<hideElementsInCurrentOnly>false</hideElementsInCurrentOnly>
<lineWidth>1</lineWidth>
<points>
<point x="905" y="207"/>
<point x="905" y="269"/>
</points>
</Connector>
<Connector class="oracle.dbtools.crest.swingui.relational.TVFKRelation" oid="A967EC30-1894-4F4C-F40F-AD11EB9DDBE1" otype="FKIndexAssociation" vid_source="2BF4D672-F9CD-58AC-76EE-EA5BB259AB37" vid_target="C3F66226-B8C1-921E-25E5-4CE5DEC93C77">
<hideElementsInCurrentOnly>false</hideElementsInCurrentOnly>
<lineWidth>1</lineWidth>
<points>
<point x="404" y="103"/>
<point x="521" y="103"/>
</points>
</Connector>
<Connector class="oracle.dbtools.crest.swingui.relational.TVFKRelation" oid="BFB1B384-D2DE-A005-C517-5A1F08CF586E" otype="FKIndexAssociation" vid_source="2BF4D672-F9CD-58AC-76EE-EA5BB259AB37" vid_target="2BF4D672-F9CD-58AC-76EE-EA5BB259AB37">
<hideElementsInCurrentOnly>false</hideElementsInCurrentOnly>
<lineWidth>1</lineWidth>
<points>
<point x="404" y="89"/>
<point x="442" y="89"/>
<point x="442" y="238"/>
<point x="266" y="238"/>
<point x="266" y="296"/>
</points>
</Connector>
<Connector class="oracle.dbtools.crest.swingui.relational.TVFKRelation" oid="ED618B7F-C816-2AAE-52AE-9904CECB1857" otype="FKIndexAssociation" vid_source="2BF4D672-F9CD-58AC-76EE-EA5BB259AB37" vid_target="2064472C-3C9E-B73D-FD32-C5A6B0C84728">
<hideElementsInCurrentOnly>false</hideElementsInCurrentOnly>
<lineWidth>1</lineWidth>
<points>
<point x="249" y="296"/>
<point x="249" y="352"/>
</points>
</Connector>
</connectors>
</Diagram>