<?xml version = '1.0' encoding = 'UTF-8'?>
<FKIndexAssociation class="oracle.dbtools.crest.model.design.relational.FKIndexAssociation" directorySegmentName="seg_0" id="200E7700-7F7F-8B18-2784-E81E5F4B097F" name="PKD_pk_type_PKD_type_FK">
<createdBy>KimPhung</createdBy>
<createdTime>2014-11-02 22:13:40 UTC</createdTime>
<generatorID>0FD1E1A0-420F-6D4B-8D5F-6FE6C585642C</generatorID>
<ownerDesignName>pkd</ownerDesignName>
<containerWithKeyObject>ADD1F052-8692-F9B7-5F02-0882EECBDC8E</containerWithKeyObject>
<deleteRule>NO ACTION</deleteRule>
<localFKIndex>78C4F50A-DEE9-335A-F427-E06646473E56</localFKIndex>
<keyObject>21687D4C-D166-BD09-C01F-1991B47D4F38</keyObject>
<mandatory>false</mandatory>
<transferable>true</transferable>
<columnDependencyConstraintGenerateInDDL>true</columnDependencyConstraintGenerateInDDL>
</FKIndexAssociation>