<?xml version = '1.0' encoding = 'UTF-8'?>
<FKIndexAssociation class="oracle.dbtools.crest.model.design.relational.FKIndexAssociation" directorySegmentName="seg_0" id="5B5E4B0D-79C4-B8A9-86F9-7E24C2B1BBA9" name="PKD_pk_move_PKD_move_FK">
<createdBy>KimPhung</createdBy>
<createdTime>2014-11-02 22:13:40 UTC</createdTime>
<generatorID>3CE0DDB9-EDE0-3938-9581-81CE5E418F5D</generatorID>
<ownerDesignName>pkd</ownerDesignName>
<containerWithKeyObject>01170D2F-11BD-463E-3BC7-C409147D4C10</containerWithKeyObject>
<deleteRule>NO ACTION</deleteRule>
<localFKIndex>84F64F21-09A1-1580-7194-332BA1CE3AC6</localFKIndex>
<keyObject>912BE263-712B-8B08-0B77-4DE40CC02CB1</keyObject>
<mandatory>false</mandatory>
<transferable>true</transferable>
<columnDependencyConstraintGenerateInDDL>true</columnDependencyConstraintGenerateInDDL>
</FKIndexAssociation>