<?xml version = '1.0' encoding = 'UTF-8'?>
<FKIndexAssociation class="oracle.dbtools.crest.model.design.relational.FKIndexAssociation" directorySegmentName="seg_0" id="7E07991B-39ED-41BB-9696-9F5D9A8AF78B" name="PKD_pk_move_PKD_pokemon_FK">
<createdBy>KimPhung</createdBy>
<createdTime>2014-11-02 22:13:40 UTC</createdTime>
<generatorID>087D5BDF-6435-A5B3-1A4B-40665D14C6D1</generatorID>
<ownerDesignName>pkd</ownerDesignName>
<containerWithKeyObject>01170D2F-11BD-463E-3BC7-C409147D4C10</containerWithKeyObject>
<deleteRule>NO ACTION</deleteRule>
<localFKIndex>F3B737FF-5149-4539-4B08-B85B258DE8FC</localFKIndex>
<keyObject>3630C945-A759-8351-0C4B-8AD5EDF9FD34</keyObject>
<mandatory>false</mandatory>
<transferable>true</transferable>
<columnDependencyConstraintGenerateInDDL>true</columnDependencyConstraintGenerateInDDL>
</FKIndexAssociation>