<?xml version = '1.0' encoding = 'UTF-8'?>
<FKIndexAssociation class="oracle.dbtools.crest.model.design.relational.FKIndexAssociation" directorySegmentName="seg_0" id="9CA84CF0-E00F-AD32-1FC7-1B52F92DE913" name="PKD_move_PKD_type_FK">
<createdBy>KimPhung</createdBy>
<createdTime>2014-11-02 22:13:40 UTC</createdTime>
<generatorID>916E8C3B-4E53-92CC-98E3-68C9393CAA02</generatorID>
<ownerDesignName>pkd</ownerDesignName>
<containerWithKeyObject>2ABAAC45-2BD9-D6B5-4597-415571D7742A</containerWithKeyObject>
<deleteRule>NO ACTION</deleteRule>
<localFKIndex>B364C37F-F1E8-691F-0DCC-6A55D031E477</localFKIndex>
<keyObject>21687D4C-D166-BD09-C01F-1991B47D4F38</keyObject>
<mandatory>false</mandatory>
<transferable>true</transferable>
<columnDependencyConstraintGenerateInDDL>true</columnDependencyConstraintGenerateInDDL>
</FKIndexAssociation>