<?xml version = '1.0' encoding = 'UTF-8'?>
<FKIndexAssociation class="oracle.dbtools.crest.model.design.relational.FKIndexAssociation" directorySegmentName="seg_0" id="A967EC30-1894-4F4C-F40F-AD11EB9DDBE1" name="PKD_pk_type_PKD_pokemon_FK">
<createdBy>KimPhung</createdBy>
<createdTime>2014-11-02 22:13:40 UTC</createdTime>
<generatorID>9036B9FC-1B1C-6EE2-1963-5AC5A72625B9</generatorID>
<ownerDesignName>pkd</ownerDesignName>
<containerWithKeyObject>ADD1F052-8692-F9B7-5F02-0882EECBDC8E</containerWithKeyObject>
<deleteRule>NO ACTION</deleteRule>
<localFKIndex>9BB2A836-3343-E9F7-3B6A-173FE0C2BFBD</localFKIndex>
<keyObject>3630C945-A759-8351-0C4B-8AD5EDF9FD34</keyObject>
<mandatory>false</mandatory>
<transferable>true</transferable>
<columnDependencyConstraintGenerateInDDL>true</columnDependencyConstraintGenerateInDDL>
</FKIndexAssociation>