<?xml version = '1.0' encoding = 'UTF-8'?>
<FKIndexAssociation class="oracle.dbtools.crest.model.design.relational.FKIndexAssociation" directorySegmentName="seg_0" id="BFB1B384-D2DE-A005-C517-5A1F08CF586E" name="PKD_pokemon_PKD_pokemon_FK">
<createdBy>KimPhung</createdBy>
<createdTime>2014-11-02 22:13:40 UTC</createdTime>
<generatorID>C0563CCB-2E86-FC75-6AFC-42AF06AB0A96</generatorID>
<ownerDesignName>pkd</ownerDesignName>
<containerWithKeyObject>EF756050-8A84-C31A-D03D-9C23AD876363</containerWithKeyObject>
<deleteRule>NO ACTION</deleteRule>
<localFKIndex>F3EA87BE-9556-05A2-42D5-0FB35B2BE543</localFKIndex>
<keyObject>3630C945-A759-8351-0C4B-8AD5EDF9FD34</keyObject>
<mandatory>false</mandatory>
<transferable>true</transferable>
<columnDependencyConstraintGenerateInDDL>true</columnDependencyConstraintGenerateInDDL>
</FKIndexAssociation>