<?xml version = '1.0' encoding = 'UTF-8'?>
<FKIndexAssociation class="oracle.dbtools.crest.model.design.relational.FKIndexAssociation" directorySegmentName="seg_0" id="ED618B7F-C816-2AAE-52AE-9904CECB1857" name="PKD_file_PKD_pokemon_FK">
<createdBy>KimPhung</createdBy>
<createdTime>2014-11-24 16:44:40 UTC</createdTime>
<generatorID>EDA1952F-CC28-59A7-0F0C-2563350A254B</generatorID>
<ownerDesignName>pkd</ownerDesignName>
<containerWithKeyObject>48E5F395-F69B-C86A-45B9-229578C239C6</containerWithKeyObject>
<deleteRule>NO ACTION</deleteRule>
<localFKIndex>3128EDD5-3EA7-410F-0A1F-D7853DD59EF6</localFKIndex>
<keyObject>3630C945-A759-8351-0C4B-8AD5EDF9FD34</keyObject>
<mandatory>false</mandatory>
<transferable>true</transferable>
<columnDependencyConstraintGenerateInDDL>true</columnDependencyConstraintGenerateInDDL>
</FKIndexAssociation>