<?xml version = '1.0' encoding = 'UTF-8'?>
<Relation class="oracle.dbtools.crest.model.design.logical.Relation" name="Relation_12" directorySegmentName="seg_0" id="087D5BDF-6435-A5B3-1A4B-40665D14C6D1">
<createdBy>KimPhung</createdBy>
<createdTime>2014-11-02 22:11:59 UTC</createdTime>
<ownerDesignName>pkd</ownerDesignName>
<engineerTo>
<item key="5A0E0822-DCE1-7DC1-2082-81AEAF2B422C" value="true"/>
</engineerTo>
<sourcePk>20F6FAAE-B817-C455-06BF-4163042AB77F</sourcePk>
<identifying>false</identifying>
<optionalSource>true</optionalSource>
<optionalTarget>true</optionalTarget>
<sourceCardinality>1</sourceCardinality>
<sourceEntity>950DBE03-1D36-8D7F-0690-112ABB41A062</sourceEntity>
<targetCardinalityString>*</targetCardinalityString>
<targetEntity>333E1F41-1C14-A41A-6FF6-696A48B48489</targetEntity>
<transferable>true</transferable>
<deleteRule>NO ACTION</deleteRule>
</Relation>