<?xml version = '1.0' encoding = 'UTF-8'?>
<Relation class="oracle.dbtools.crest.model.design.logical.Relation" name="Relation_15" directorySegmentName="seg_0" id="3CE0DDB9-EDE0-3938-9581-81CE5E418F5D">
<createdBy>KimPhung</createdBy>
<createdTime>2014-11-02 22:12:05 UTC</createdTime>
<ownerDesignName>pkd</ownerDesignName>
<engineerTo>
<item key="5A0E0822-DCE1-7DC1-2082-81AEAF2B422C" value="true"/>
</engineerTo>
<sourcePk>12F8B90C-3D66-EC3B-A500-CCB7FB03949C</sourcePk>
<identifying>false</identifying>
<optionalSource>true</optionalSource>
<optionalTarget>true</optionalTarget>
<sourceCardinality>1</sourceCardinality>
<sourceEntity>3DF2BDD9-FFF1-5E4A-5658-745BA394B02B</sourceEntity>
<targetCardinalityString>*</targetCardinalityString>
<targetEntity>333E1F41-1C14-A41A-6FF6-696A48B48489</targetEntity>
<transferable>true</transferable>
<deleteRule>NO ACTION</deleteRule>
</Relation>