<?xml version = '1.0' encoding = 'UTF-8'?>
<Relation class="oracle.dbtools.crest.model.design.logical.Relation" name="Relation_10" directorySegmentName="seg_0" id="9036B9FC-1B1C-6EE2-1963-5AC5A72625B9">
<createdBy>KimPhung</createdBy>
<createdTime>2014-10-29 21:54:57 UTC</createdTime>
<ownerDesignName>pkd</ownerDesignName>
<engineerTo>
<item key="5A0E0822-DCE1-7DC1-2082-81AEAF2B422C" value="true"/>
</engineerTo>
<sourcePk>20F6FAAE-B817-C455-06BF-4163042AB77F</sourcePk>
<identifying>false</identifying>
<optionalSource>true</optionalSource>
<optionalTarget>true</optionalTarget>
<sourceCardinality>1</sourceCardinality>
<sourceEntity>950DBE03-1D36-8D7F-0690-112ABB41A062</sourceEntity>
<targetCardinalityString>*</targetCardinalityString>
<targetEntity>D5CF23CD-50B5-F495-F384-FCEC4070022A</targetEntity>
<transferable>true</transferable>
<deleteRule>NO ACTION</deleteRule>
</Relation>