<?xml version = '1.0' encoding = 'UTF-8'?>
<Relation class="oracle.dbtools.crest.model.design.logical.Relation" name="Relation_7" directorySegmentName="seg_0" id="916E8C3B-4E53-92CC-98E3-68C9393CAA02">
<createdBy>KimPhung</createdBy>
<createdTime>2014-10-29 21:40:42 UTC</createdTime>
<ownerDesignName>pkd</ownerDesignName>
<engineerTo>
<item key="5A0E0822-DCE1-7DC1-2082-81AEAF2B422C" value="true"/>
</engineerTo>
<sourcePk>03798BD3-ED24-802C-88E7-A3F6868CDEE8</sourcePk>
<identifying>false</identifying>
<optionalSource>true</optionalSource>
<optionalTarget>true</optionalTarget>
<sourceCardinality>1</sourceCardinality>
<sourceEntity>3A50817A-3EC3-9149-16B5-9D60EDED0390</sourceEntity>
<targetCardinalityString>*</targetCardinalityString>
<targetEntity>3DF2BDD9-FFF1-5E4A-5658-745BA394B02B</targetEntity>
<transferable>true</transferable>
<deleteRule>NO ACTION</deleteRule>
</Relation>