<?xml version = '1.0' encoding = 'UTF-8'?>
<Relation class="oracle.dbtools.crest.model.design.logical.Relation" name="PKD_previous_evo" directorySegmentName="seg_0" id="C0563CCB-2E86-FC75-6AFC-42AF06AB0A96">
<createdBy>KimPhung</createdBy>
<createdTime>2014-10-29 21:32:56 UTC</createdTime>
<ownerDesignName>pkd</ownerDesignName>
<engineerTo>
<item key="5A0E0822-DCE1-7DC1-2082-81AEAF2B422C" value="true"/>
</engineerTo>
<targetPk>20F6FAAE-B817-C455-06BF-4163042AB77F</targetPk>
<identifying>false</identifying>
<optionalSource>true</optionalSource>
<optionalTarget>true</optionalTarget>
<sourceCardinality>1</sourceCardinality>
<sourceEntity>950DBE03-1D36-8D7F-0690-112ABB41A062</sourceEntity>
<targetCardinalityString>*</targetCardinalityString>
<targetEntity>950DBE03-1D36-8D7F-0690-112ABB41A062</targetEntity>
<transferable>true</transferable>
<deleteRule>NO ACTION</deleteRule>
</Relation>