<?xml version = '1.0' encoding = 'UTF-8'?>
<Relation class="oracle.dbtools.crest.model.design.logical.Relation" name="Relation_13" directorySegmentName="seg_0" id="EDA1952F-CC28-59A7-0F0C-2563350A254B">
<createdBy>KimPhung</createdBy>
<createdTime>2014-11-24 16:43:34 UTC</createdTime>
<ownerDesignName>pkd</ownerDesignName>
<engineerTo>
<item key="5A0E0822-DCE1-7DC1-2082-81AEAF2B422C" value="true"/>
</engineerTo>
<sourcePk>20F6FAAE-B817-C455-06BF-4163042AB77F</sourcePk>
<identifying>false</identifying>
<optionalSource>true</optionalSource>
<optionalTarget>true</optionalTarget>
<sourceCardinality>1</sourceCardinality>
<sourceEntity>950DBE03-1D36-8D7F-0690-112ABB41A062</sourceEntity>
<targetCardinalityString>*</targetCardinalityString>
<targetEntity>92118130-2F48-6A63-560A-A9CCDDD5B98B</targetEntity>
<transferable>true</transferable>
<deleteRule>NO ACTION</deleteRule>
</Relation>