<?xml version = '1.0' encoding = 'UTF-8'?>
<Table class="oracle.dbtools.crest.model.design.relational.Table" directorySegmentName="seg_0" id="01170D2F-11BD-463E-3BC7-C409147D4C10" name="PKD_pk_move">
<createdBy>KimPhung</createdBy>
<createdTime>2014-11-02 22:13:40 UTC</createdTime>
<generatorID>333E1F41-1C14-A41A-6FF6-696A48B48489</generatorID>
<ownerDesignName>pkd</ownerDesignName>
<allowColumnReorder>false</allowColumnReorder>
<existDependencyGenerateInDDl>true</existDependencyGenerateInDDl>
<columns itemClass="oracle.dbtools.crest.model.design.relational.Column">
<Column name="pk_move_id" id="35EB0BAA-97B3-C18B-4716-5530B559CDF0">
<createdBy>KimPhung</createdBy>
<createdTime>2014-11-02 22:13:40 UTC</createdTime>
<generatorID>9240C8C6-D84B-A985-90FB-82BD245D07DC</generatorID>
<ownerDesignName>pkd</ownerDesignName>
<useDomainConstraints>false</useDomainConstraints>
<use>1</use>
<logicalDatatype>LOGDT011</logicalDatatype>
<autoIncrementCycle>false</autoIncrementCycle>
</Column>
<Column name="PKD_pokemon_pokemon_id" id="CB956A91-7516-8524-1833-4A9A862BAF1F">
<createdBy>KimPhung</createdBy>
<createdTime>2014-11-02 22:13:40 UTC</createdTime>
<generatorID>EB6A18E3-BA27-5178-3838-5B1B999BA2BE</generatorID>
<ownerDesignName>pkd</ownerDesignName>
<nullsAllowed>true</nullsAllowed>
<useDomainConstraints>false</useDomainConstraints>
<use>1</use>
<logicalDatatype>LOGDT011</logicalDatatype>
<delegate>E69F284E-4928-197C-4513-51F057D1B740</delegate>
<previousColumn>false</previousColumn>
<autoIncrementCycle>false</autoIncrementCycle>
<associations>
<colAssociation fkAssociation="7E07991B-39ED-41BB-9696-9F5D9A8AF78B" referredColumn="E69F284E-4928-197C-4513-51F057D1B740"/>
</associations>
</Column>
<Column name="PKD_move_move_id" id="024DE48C-186C-90F1-2A27-1391A19671BE">
<createdBy>KimPhung</createdBy>
<createdTime>2014-11-02 22:13:40 UTC</createdTime>
<generatorID>995BFEA6-9AAF-3AFC-FBC6-B8B9125B5786</generatorID>
<ownerDesignName>pkd</ownerDesignName>
<nullsAllowed>true</nullsAllowed>
<useDomainConstraints>false</useDomainConstraints>
<use>1</use>
<logicalDatatype>LOGDT011</logicalDatatype>
<delegate>3C90937B-2090-D146-8312-E95FB719E74E</delegate>
<previousColumn>false</previousColumn>
<autoIncrementCycle>false</autoIncrementCycle>
<associations>
<colAssociation fkAssociation="5B5E4B0D-79C4-B8A9-86F9-7E24C2B1BBA9" referredColumn="3C90937B-2090-D146-8312-E95FB719E74E"/>
</associations>
</Column>
<Column name="level_learn" id="D8A25940-E882-865F-48CB-AC60417CB2E6">
<createdBy>KimPhung</createdBy>
<createdTime>2014-11-24 16:33:56 UTC</createdTime>
<generatorID>CA31A647-B8E9-9EF9-BB2C-E94FBCD0193A</generatorID>
<ownerDesignName>pkd</ownerDesignName>
<nullsAllowed>true</nullsAllowed>
<useDomainConstraints>false</useDomainConstraints>
<use>1</use>
<logicalDatatype>LOGDT011</logicalDatatype>
<autoIncrementCycle>false</autoIncrementCycle>
</Column>
</columns>
<indexes itemClass="oracle.dbtools.crest.model.design.relational.Index">
<ind_PK_UK id="B58DDA3F-AC09-0BCA-E6EE-330D173DD8AB" name="PKD_pk_move_PK">
<createdBy>KimPhung</createdBy>
<createdTime>2014-11-02 22:13:40 UTC</createdTime>
<generatorID>EB26B53E-4344-7F41-DE7F-FD19EC7F4EED</generatorID>
<ownerDesignName>pkd</ownerDesignName>
<pk>true</pk>
<indexState>Primary Constraint</indexState>
<isSurrogateKey>false</isSurrogateKey>
<indexColumnUsage>
<colUsage columnID="35EB0BAA-97B3-C18B-4716-5530B559CDF0"/>
</indexColumnUsage>
</ind_PK_UK>
<ind_PK_UK id="F3B737FF-5149-4539-4B08-B85B258DE8FC" name="PKD_pk_move_PKD_pokemon_FK">
<createdBy>KimPhung</createdBy>
<createdTime>2014-11-02 22:13:40 UTC</createdTime>
<generatorID>087D5BDF-6435-A5B3-1A4B-40665D14C6D1</generatorID>
<ownerDesignName>pkd</ownerDesignName>
<indexState>Foreign Key</indexState>
<isSurrogateKey>false</isSurrogateKey>
<indexColumnUsage>
<colUsage columnID="CB956A91-7516-8524-1833-4A9A862BAF1F"/>
</indexColumnUsage>
</ind_PK_UK>
<ind_PK_UK id="84F64F21-09A1-1580-7194-332BA1CE3AC6" name="PKD_pk_move_PKD_move_FK">
<createdBy>KimPhung</createdBy>
<createdTime>2014-11-02 22:13:40 UTC</createdTime>
<generatorID>3CE0DDB9-EDE0-3938-9581-81CE5E418F5D</generatorID>
<ownerDesignName>pkd</ownerDesignName>
<indexState>Foreign Key</indexState>
<isSurrogateKey>false</isSurrogateKey>
<indexColumnUsage>
<colUsage columnID="024DE48C-186C-90F1-2A27-1391A19671BE"/>
</indexColumnUsage>
</ind_PK_UK>
</indexes>
</Table>