<?xml version = '1.0' encoding = 'UTF-8'?>
<Table class="oracle.dbtools.crest.model.design.relational.Table" directorySegmentName="seg_0" id="2ABAAC45-2BD9-D6B5-4597-415571D7742A" name="PKD_move">
<createdBy>KimPhung</createdBy>
<createdTime>2014-11-02 22:13:40 UTC</createdTime>
<generatorID>3DF2BDD9-FFF1-5E4A-5658-745BA394B02B</generatorID>
<ownerDesignName>pkd</ownerDesignName>
<allowColumnReorder>false</allowColumnReorder>
<existDependencyGenerateInDDl>true</existDependencyGenerateInDDl>
<columns itemClass="oracle.dbtools.crest.model.design.relational.Column">
<Column name="move_id" id="3C90937B-2090-D146-8312-E95FB719E74E">
<createdBy>KimPhung</createdBy>
<createdTime>2014-11-02 22:13:40 UTC</createdTime>
<generatorID>E02AA08E-372F-3913-21C2-7A77271790EC</generatorID>
<ownerDesignName>pkd</ownerDesignName>
<useDomainConstraints>false</useDomainConstraints>
<use>1</use>
<logicalDatatype>LOGDT011</logicalDatatype>
<autoIncrementCycle>false</autoIncrementCycle>
</Column>
<Column name="name" id="2DF1D942-4299-5C99-4F41-8757F81976F7">
<createdBy>KimPhung</createdBy>
<createdTime>2014-11-02 22:13:40 UTC</createdTime>
<generatorID>A154019D-020D-CE0E-AB7B-F39E58D84CC1</generatorID>
<ownerDesignName>pkd</ownerDesignName>
<useDomainConstraints>false</useDomainConstraints>
<use>1</use>
<logicalDatatype>LOGDT024</logicalDatatype>
<dataTypeSize>255</dataTypeSize>
<autoIncrementCycle>false</autoIncrementCycle>
</Column>
<Column name="category" id="451B508B-2611-B719-3192-99102824E8E7">
<createdBy>KimPhung</createdBy>
<createdTime>2014-11-02 22:13:40 UTC</createdTime>
<generatorID>182788C2-CA71-4030-B32C-8D1B9B8AD22A</generatorID>
<ownerDesignName>pkd</ownerDesignName>
<nullsAllowed>true</nullsAllowed>
<useDomainConstraints>false</useDomainConstraints>
<use>1</use>
<logicalDatatype>LOGDT024</logicalDatatype>
<dataTypeSize>255</dataTypeSize>
<autoIncrementCycle>false</autoIncrementCycle>
</Column>
<Column name="power" id="5A97263C-8A90-E184-CAD5-79F2B120ED78">
<createdBy>KimPhung</createdBy>
<createdTime>2014-11-02 22:13:40 UTC</createdTime>
<generatorID>FC8C02C2-9097-0D78-C0C3-0914ABC1CA55</generatorID>
<ownerDesignName>pkd</ownerDesignName>
<nullsAllowed>true</nullsAllowed>
<useDomainConstraints>false</useDomainConstraints>
<use>1</use>
<logicalDatatype>LOGDT011</logicalDatatype>
<autoIncrementCycle>false</autoIncrementCycle>
</Column>
<Column name="accuracy" id="39A23580-82DE-3475-F3AA-419FD3CC2CD5">
<createdBy>KimPhung</createdBy>
<createdTime>2014-11-02 22:13:40 UTC</createdTime>
<generatorID>A8209A78-54B6-8DC4-8CE5-47D1F49A67CC</generatorID>
<ownerDesignName>pkd</ownerDesignName>
<nullsAllowed>true</nullsAllowed>
<useDomainConstraints>false</useDomainConstraints>
<use>1</use>
<logicalDatatype>LOGDT011</logicalDatatype>
<autoIncrementCycle>false</autoIncrementCycle>
</Column>
<Column name="PP" id="2521AFE1-0AA6-24E9-F2D9-73AED19BC1D1">
<createdBy>KimPhung</createdBy>
<createdTime>2014-11-02 22:13:40 UTC</createdTime>
<generatorID>66DCC467-8F02-FA1D-FC8D-C7F58C198354</generatorID>
<ownerDesignName>pkd</ownerDesignName>
<nullsAllowed>true</nullsAllowed>
<useDomainConstraints>false</useDomainConstraints>
<use>1</use>
<logicalDatatype>LOGDT011</logicalDatatype>
<autoIncrementCycle>false</autoIncrementCycle>
</Column>
<Column name="PKD_type_type_id" id="295C3139-E4CA-F7F5-1B29-29524732F0E9">
<createdBy>KimPhung</createdBy>
<createdTime>2014-11-02 22:13:40 UTC</createdTime>
<generatorID>4C44C3F3-4983-C9AF-87A8-FC63F4978BA1</generatorID>
<ownerDesignName>pkd</ownerDesignName>
<nullsAllowed>true</nullsAllowed>
<useDomainConstraints>false</useDomainConstraints>
<use>1</use>
<logicalDatatype>LOGDT011</logicalDatatype>
<delegate>F685FEA8-38BE-710B-8CDF-3E0DBF02A8D8</delegate>
<previousColumn>false</previousColumn>
<autoIncrementCycle>false</autoIncrementCycle>
<associations>
<colAssociation fkAssociation="9CA84CF0-E00F-AD32-1FC7-1B52F92DE913" referredColumn="F685FEA8-38BE-710B-8CDF-3E0DBF02A8D8"/>
</associations>
</Column>
</columns>
<indexes itemClass="oracle.dbtools.crest.model.design.relational.Index">
<ind_PK_UK id="912BE263-712B-8B08-0B77-4DE40CC02CB1" name="PKD_move_PK">
<createdBy>KimPhung</createdBy>
<createdTime>2014-11-02 22:13:40 UTC</createdTime>
<generatorID>12F8B90C-3D66-EC3B-A500-CCB7FB03949C</generatorID>
<ownerDesignName>pkd</ownerDesignName>
<pk>true</pk>
<indexState>Primary Constraint</indexState>
<isSurrogateKey>false</isSurrogateKey>
<indexColumnUsage>
<colUsage columnID="3C90937B-2090-D146-8312-E95FB719E74E"/>
</indexColumnUsage>
</ind_PK_UK>
<ind_PK_UK id="B364C37F-F1E8-691F-0DCC-6A55D031E477" name="PKD_move_PKD_type_FK">
<createdBy>KimPhung</createdBy>
<createdTime>2014-11-02 22:13:40 UTC</createdTime>
<generatorID>916E8C3B-4E53-92CC-98E3-68C9393CAA02</generatorID>
<ownerDesignName>pkd</ownerDesignName>
<indexState>Foreign Key</indexState>
<isSurrogateKey>false</isSurrogateKey>
<indexColumnUsage>
<colUsage columnID="295C3139-E4CA-F7F5-1B29-29524732F0E9"/>
</indexColumnUsage>
</ind_PK_UK>
</indexes>
</Table>