<?xml version = '1.0' encoding = 'UTF-8'?>
<Table class="oracle.dbtools.crest.model.design.relational.Table" directorySegmentName="seg_0" id="48E5F395-F69B-C86A-45B9-229578C239C6" name="PKD_file">
<createdBy>KimPhung</createdBy>
<createdTime>2014-11-24 16:44:40 UTC</createdTime>
<generatorID>92118130-2F48-6A63-560A-A9CCDDD5B98B</generatorID>
<ownerDesignName>pkd</ownerDesignName>
<allowColumnReorder>false</allowColumnReorder>
<existDependencyGenerateInDDl>true</existDependencyGenerateInDDl>
<columns itemClass="oracle.dbtools.crest.model.design.relational.Column">
<Column name="file_id" id="88046CF8-BF82-99C2-99C5-380561071643">
<createdBy>KimPhung</createdBy>
<createdTime>2014-11-24 16:44:40 UTC</createdTime>
<generatorID>72490EFE-638F-7574-F52C-C96919EDE55B</generatorID>
<ownerDesignName>pkd</ownerDesignName>
<useDomainConstraints>false</useDomainConstraints>
<use>1</use>
<logicalDatatype>LOGDT011</logicalDatatype>
<autoIncrementCycle>false</autoIncrementCycle>
</Column>
<Column name="mimetype" id="B4336BCF-7CF5-74F1-4133-16BEAEB65D98">
<createdBy>KimPhung</createdBy>
<createdTime>2014-11-24 16:44:40 UTC</createdTime>
<generatorID>AD28BB24-D0E6-5A87-0623-DD3CA3D6A3BD</generatorID>
<ownerDesignName>pkd</ownerDesignName>
<nullsAllowed>true</nullsAllowed>
<useDomainConstraints>false</useDomainConstraints>
<use>1</use>
<logicalDatatype>LOGDT024</logicalDatatype>
<dataTypeSize>255</dataTypeSize>
<autoIncrementCycle>false</autoIncrementCycle>
</Column>
<Column name="filename" id="0B07AE26-9691-B37A-DCD9-E548C5D50893">
<createdBy>KimPhung</createdBy>
<createdTime>2014-11-24 16:44:40 UTC</createdTime>
<generatorID>4848C848-F6C4-9394-DFA7-1635B3EED892</generatorID>
<ownerDesignName>pkd</ownerDesignName>
<nullsAllowed>true</nullsAllowed>
<useDomainConstraints>false</useDomainConstraints>
<use>1</use>
<logicalDatatype>LOGDT024</logicalDatatype>
<dataTypeSize>255</dataTypeSize>
<autoIncrementCycle>false</autoIncrementCycle>
</Column>
<Column name="last_update" id="425ECE22-9307-5CED-FFA6-51CA0F6159CD">
<createdBy>KimPhung</createdBy>
<createdTime>2014-11-24 16:44:40 UTC</createdTime>
<generatorID>40573A7B-DCD5-7837-449D-5DB708CC2841</generatorID>
<ownerDesignName>pkd</ownerDesignName>
<nullsAllowed>true</nullsAllowed>
<useDomainConstraints>false</useDomainConstraints>
<use>1</use>
<logicalDatatype>LOGDT007</logicalDatatype>
<autoIncrementCycle>false</autoIncrementCycle>
</Column>
<Column name="charset" id="B14A0B98-B7EC-815B-2CC9-9E235C56F9D8">
<createdBy>KimPhung</createdBy>
<createdTime>2014-11-24 16:44:40 UTC</createdTime>
<generatorID>11F62AFC-CB46-2F17-271D-13FA7B454E9E</generatorID>
<ownerDesignName>pkd</ownerDesignName>
<nullsAllowed>true</nullsAllowed>
<useDomainConstraints>false</useDomainConstraints>
<use>1</use>
<logicalDatatype>LOGDT024</logicalDatatype>
<dataTypeSize>255</dataTypeSize>
<autoIncrementCycle>false</autoIncrementCycle>
</Column>
<Column name="comments" id="E10D8271-EC61-18B1-2C44-ACF2B588E310">
<createdBy>KimPhung</createdBy>
<createdTime>2014-11-24 16:44:40 UTC</createdTime>
<generatorID>396A47E4-A1BD-BF91-7A83-2E0028A270EF</generatorID>
<ownerDesignName>pkd</ownerDesignName>
<useDomainConstraints>false</useDomainConstraints>
<use>1</use>
<logicalDatatype>LOGDT024</logicalDatatype>
<dataTypeSize>255</dataTypeSize>
<autoIncrementCycle>false</autoIncrementCycle>
</Column>
<Column name="tags" id="64C2698D-C246-409E-7703-C6FE4D4EC4D0">
<createdBy>KimPhung</createdBy>
<createdTime>2014-11-24 16:44:40 UTC</createdTime>
<generatorID>25F82B38-246C-3ECC-9532-F110872F24A6</generatorID>
<ownerDesignName>pkd</ownerDesignName>
<nullsAllowed>true</nullsAllowed>
<useDomainConstraints>false</useDomainConstraints>
<use>1</use>
<logicalDatatype>LOGDT029</logicalDatatype>
<autoIncrementCycle>false</autoIncrementCycle>
</Column>
<Column name="PKD_pokemon_pokemon_id" id="E0C30969-2F63-D57F-3B65-E77CF780AD7E">
<createdBy>KimPhung</createdBy>
<createdTime>2014-11-24 16:44:40 UTC</createdTime>
<generatorID>286C962F-7C72-5474-D3FF-C52C67DBF4CB</generatorID>
<ownerDesignName>pkd</ownerDesignName>
<nullsAllowed>true</nullsAllowed>
<useDomainConstraints>false</useDomainConstraints>
<use>1</use>
<logicalDatatype>LOGDT011</logicalDatatype>
<delegate>E69F284E-4928-197C-4513-51F057D1B740</delegate>
<previousColumn>false</previousColumn>
<autoIncrementCycle>false</autoIncrementCycle>
<associations>
<colAssociation fkAssociation="ED618B7F-C816-2AAE-52AE-9904CECB1857" referredColumn="E69F284E-4928-197C-4513-51F057D1B740"/>
</associations>
</Column>
</columns>
<indexes itemClass="oracle.dbtools.crest.model.design.relational.Index">
<ind_PK_UK id="01E3E95D-8922-F545-0D60-5D3D092FBF72" name="PKD_file_PK">
<createdBy>KimPhung</createdBy>
<createdTime>2014-11-24 16:44:40 UTC</createdTime>
<generatorID>5E40A97D-4073-FED3-10F0-C7C2D9A6F2DC</generatorID>
<ownerDesignName>pkd</ownerDesignName>
<pk>true</pk>
<indexState>Primary Constraint</indexState>
<isSurrogateKey>false</isSurrogateKey>
<indexColumnUsage>
<colUsage columnID="88046CF8-BF82-99C2-99C5-380561071643"/>
</indexColumnUsage>
</ind_PK_UK>
<ind_PK_UK id="3128EDD5-3EA7-410F-0A1F-D7853DD59EF6" name="PKD_file_PKD_pokemon_FK">
<createdBy>KimPhung</createdBy>
<createdTime>2014-11-24 16:44:40 UTC</createdTime>
<generatorID>EDA1952F-CC28-59A7-0F0C-2563350A254B</generatorID>
<ownerDesignName>pkd</ownerDesignName>
<indexState>Foreign Key</indexState>
<isSurrogateKey>false</isSurrogateKey>
<indexColumnUsage>
<colUsage columnID="E0C30969-2F63-D57F-3B65-E77CF780AD7E"/>
</indexColumnUsage>
</ind_PK_UK>
</indexes>
</Table>