<?xml version = '1.0' encoding = 'UTF-8'?>
<Table class="oracle.dbtools.crest.model.design.relational.Table" directorySegmentName="seg_0" id="ADD1F052-8692-F9B7-5F02-0882EECBDC8E" name="PKD_pk_type">
<createdBy>KimPhung</createdBy>
<createdTime>2014-11-02 22:13:40 UTC</createdTime>
<generatorID>D5CF23CD-50B5-F495-F384-FCEC4070022A</generatorID>
<ownerDesignName>pkd</ownerDesignName>
<allowColumnReorder>false</allowColumnReorder>
<existDependencyGenerateInDDl>true</existDependencyGenerateInDDl>
<columns itemClass="oracle.dbtools.crest.model.design.relational.Column">
<Column name="pk_type_id" id="8716D108-7093-3795-0961-D1DF4EE6C209">
<createdBy>KimPhung</createdBy>
<createdTime>2014-11-02 22:13:40 UTC</createdTime>
<generatorID>A1078950-7C90-4FD0-D922-8E7ADC7334F3</generatorID>
<ownerDesignName>pkd</ownerDesignName>
<useDomainConstraints>false</useDomainConstraints>
<use>1</use>
<logicalDatatype>LOGDT011</logicalDatatype>
<autoIncrementCycle>false</autoIncrementCycle>
</Column>
<Column name="PKD_pokemon_pokemon_id" id="10AD7BBB-94B7-D379-01CF-48B058199224">
<createdBy>KimPhung</createdBy>
<createdTime>2014-11-02 22:13:40 UTC</createdTime>
<generatorID>172EBCC4-3DF5-5D9B-6B35-AA1169FF8B28</generatorID>
<ownerDesignName>pkd</ownerDesignName>
<nullsAllowed>true</nullsAllowed>
<useDomainConstraints>false</useDomainConstraints>
<use>1</use>
<logicalDatatype>LOGDT011</logicalDatatype>
<delegate>E69F284E-4928-197C-4513-51F057D1B740</delegate>
<previousColumn>false</previousColumn>
<autoIncrementCycle>false</autoIncrementCycle>
<associations>
<colAssociation fkAssociation="A967EC30-1894-4F4C-F40F-AD11EB9DDBE1" referredColumn="E69F284E-4928-197C-4513-51F057D1B740"/>
</associations>
</Column>
<Column name="PKD_type_type_id" id="53A252B4-BE0C-2A8F-39B2-71D8E6842265">
<createdBy>KimPhung</createdBy>
<createdTime>2014-11-02 22:13:40 UTC</createdTime>
<generatorID>BD6D0F31-47C7-6773-4EC0-8F905DAAA253</generatorID>
<ownerDesignName>pkd</ownerDesignName>
<nullsAllowed>true</nullsAllowed>
<useDomainConstraints>false</useDomainConstraints>
<use>1</use>
<logicalDatatype>LOGDT011</logicalDatatype>
<delegate>F685FEA8-38BE-710B-8CDF-3E0DBF02A8D8</delegate>
<previousColumn>false</previousColumn>
<autoIncrementCycle>false</autoIncrementCycle>
<associations>
<colAssociation fkAssociation="200E7700-7F7F-8B18-2784-E81E5F4B097F" referredColumn="F685FEA8-38BE-710B-8CDF-3E0DBF02A8D8"/>
</associations>
</Column>
</columns>
<indexes itemClass="oracle.dbtools.crest.model.design.relational.Index">
<ind_PK_UK id="FADA2841-1389-A7A7-75C7-02C86A638CB6" name="PKD_pk_type_PK">
<createdBy>KimPhung</createdBy>
<createdTime>2014-11-02 22:13:40 UTC</createdTime>
<generatorID>96C79EE7-3435-556A-F507-F8F0239C164E</generatorID>
<ownerDesignName>pkd</ownerDesignName>
<pk>true</pk>
<indexState>Primary Constraint</indexState>
<isSurrogateKey>false</isSurrogateKey>
<indexColumnUsage>
<colUsage columnID="8716D108-7093-3795-0961-D1DF4EE6C209"/>
</indexColumnUsage>
</ind_PK_UK>
<ind_PK_UK id="9BB2A836-3343-E9F7-3B6A-173FE0C2BFBD" name="PKD_pk_type_PKD_pokemon_FK">
<createdBy>KimPhung</createdBy>
<createdTime>2014-11-02 22:13:40 UTC</createdTime>
<generatorID>9036B9FC-1B1C-6EE2-1963-5AC5A72625B9</generatorID>
<ownerDesignName>pkd</ownerDesignName>
<indexState>Foreign Key</indexState>
<isSurrogateKey>false</isSurrogateKey>
<indexColumnUsage>
<colUsage columnID="10AD7BBB-94B7-D379-01CF-48B058199224"/>
</indexColumnUsage>
</ind_PK_UK>
<ind_PK_UK id="78C4F50A-DEE9-335A-F427-E06646473E56" name="PKD_pk_type_PKD_type_FK">
<createdBy>KimPhung</createdBy>
<createdTime>2014-11-02 22:13:40 UTC</createdTime>
<generatorID>0FD1E1A0-420F-6D4B-8D5F-6FE6C585642C</generatorID>
<ownerDesignName>pkd</ownerDesignName>
<indexState>Foreign Key</indexState>
<isSurrogateKey>false</isSurrogateKey>
<indexColumnUsage>
<colUsage columnID="53A252B4-BE0C-2A8F-39B2-71D8E6842265"/>
</indexColumnUsage>
</ind_PK_UK>
</indexes>
</Table>