<?xml version = '1.0' encoding = 'UTF-8'?>
<Table class="oracle.dbtools.crest.model.design.relational.Table" directorySegmentName="seg_0" id="DBE57ABA-7811-C3D8-AC9D-8675FA43D909" name="PKD_type">
<createdBy>KimPhung</createdBy>
<createdTime>2014-11-02 22:13:40 UTC</createdTime>
<generatorID>3A50817A-3EC3-9149-16B5-9D60EDED0390</generatorID>
<ownerDesignName>pkd</ownerDesignName>
<allowColumnReorder>false</allowColumnReorder>
<existDependencyGenerateInDDl>true</existDependencyGenerateInDDl>
<columns itemClass="oracle.dbtools.crest.model.design.relational.Column">
<Column name="type_id" id="F685FEA8-38BE-710B-8CDF-3E0DBF02A8D8">
<createdBy>KimPhung</createdBy>
<createdTime>2014-11-02 22:13:40 UTC</createdTime>
<generatorID>257FA949-FFCC-648E-DD4B-50EE415B7A05</generatorID>
<ownerDesignName>pkd</ownerDesignName>
<useDomainConstraints>false</useDomainConstraints>
<use>1</use>
<logicalDatatype>LOGDT011</logicalDatatype>
<autoIncrementCycle>false</autoIncrementCycle>
</Column>
<Column name="name" id="2CD065D9-570F-7C2A-6304-0315015DD5FD">
<createdBy>KimPhung</createdBy>
<createdTime>2014-11-02 22:13:40 UTC</createdTime>
<generatorID>F71A0987-ECFA-4A6E-4C8A-082BD4F12D04</generatorID>
<ownerDesignName>pkd</ownerDesignName>
<useDomainConstraints>false</useDomainConstraints>
<use>1</use>
<logicalDatatype>LOGDT024</logicalDatatype>
<dataTypeSize>255</dataTypeSize>
<autoIncrementCycle>false</autoIncrementCycle>
</Column>
<Column name="image" id="4F441358-1A75-7D08-47A4-2A9F3C5AE0ED">
<createdBy>KimPhung</createdBy>
<createdTime>2014-11-02 22:13:40 UTC</createdTime>
<generatorID>04802785-2CF9-CEF4-F046-8F7DC1DA984F</generatorID>
<ownerDesignName>pkd</ownerDesignName>
<nullsAllowed>true</nullsAllowed>
<useDomainConstraints>false</useDomainConstraints>
<use>1</use>
<logicalDatatype>LOGDT029</logicalDatatype>
<autoIncrementCycle>false</autoIncrementCycle>
</Column>
<Column name="image_mimetype" id="02CC83CD-8F77-1EB2-CD2E-599B894F0871">
<createdBy>KimPhung</createdBy>
<createdTime>2014-11-24 16:33:56 UTC</createdTime>
<generatorID>30D4020B-5C01-B131-3020-CEC49BED1695</generatorID>
<ownerDesignName>pkd</ownerDesignName>
<nullsAllowed>true</nullsAllowed>
<useDomainConstraints>false</useDomainConstraints>
<use>1</use>
<logicalDatatype>LOGDT024</logicalDatatype>
<dataTypeSize>255</dataTypeSize>
<autoIncrementCycle>false</autoIncrementCycle>
</Column>
<Column name="image_filename" id="DECCE0D1-EE7A-4287-D453-A812B4213B29">
<createdBy>KimPhung</createdBy>
<createdTime>2014-11-24 16:33:56 UTC</createdTime>
<generatorID>C43DD5DC-AC31-D5FB-EB72-A919A9FB591D</generatorID>
<ownerDesignName>pkd</ownerDesignName>
<nullsAllowed>true</nullsAllowed>
<useDomainConstraints>false</useDomainConstraints>
<use>1</use>
<logicalDatatype>LOGDT024</logicalDatatype>
<dataTypeSize>255</dataTypeSize>
<autoIncrementCycle>false</autoIncrementCycle>
</Column>
<Column name="image_last_update" id="ED97ECB6-EA1F-BC33-342B-AD38735E8F08">
<createdBy>KimPhung</createdBy>
<createdTime>2014-11-24 16:33:56 UTC</createdTime>
<generatorID>EDF2D6F4-2D95-B56B-DB4E-C0E61E2DFB33</generatorID>
<ownerDesignName>pkd</ownerDesignName>
<nullsAllowed>true</nullsAllowed>
<useDomainConstraints>false</useDomainConstraints>
<use>1</use>
<logicalDatatype>LOGDT007</logicalDatatype>
<autoIncrementCycle>false</autoIncrementCycle>
</Column>
<Column name="image_charset" id="87556C1A-8F61-1AA5-A458-DF1801C24487">
<createdBy>KimPhung</createdBy>
<createdTime>2014-11-24 16:33:56 UTC</createdTime>
<generatorID>D6E90AA2-9BBA-B935-8E8B-4EEF5CE07B4E</generatorID>
<ownerDesignName>pkd</ownerDesignName>
<nullsAllowed>true</nullsAllowed>
<useDomainConstraints>false</useDomainConstraints>
<use>1</use>
<logicalDatatype>LOGDT024</logicalDatatype>
<dataTypeSize>255</dataTypeSize>
<autoIncrementCycle>false</autoIncrementCycle>
</Column>
</columns>
<indexes itemClass="oracle.dbtools.crest.model.design.relational.Index">
<ind_PK_UK id="21687D4C-D166-BD09-C01F-1991B47D4F38" name="PKD_type_PK">
<createdBy>KimPhung</createdBy>
<createdTime>2014-11-02 22:13:40 UTC</createdTime>
<generatorID>03798BD3-ED24-802C-88E7-A3F6868CDEE8</generatorID>
<ownerDesignName>pkd</ownerDesignName>
<pk>true</pk>
<indexState>Primary Constraint</indexState>
<isSurrogateKey>false</isSurrogateKey>
<indexColumnUsage>
<colUsage columnID="F685FEA8-38BE-710B-8CDF-3E0DBF02A8D8"/>
</indexColumnUsage>
</ind_PK_UK>
</indexes>
</Table>