<?xml version = '1.0' encoding = 'UTF-8'?>
<Table class="oracle.dbtools.crest.model.design.relational.Table" directorySegmentName="seg_0" id="EF756050-8A84-C31A-D03D-9C23AD876363" name="PKD_pokemon">
<createdBy>KimPhung</createdBy>
<createdTime>2014-11-02 22:13:40 UTC</createdTime>
<generatorID>950DBE03-1D36-8D7F-0690-112ABB41A062</generatorID>
<ownerDesignName>pkd</ownerDesignName>
<allowColumnReorder>false</allowColumnReorder>
<existDependencyGenerateInDDl>true</existDependencyGenerateInDDl>
<columns itemClass="oracle.dbtools.crest.model.design.relational.Column">
<Column name="pokemon_id" id="E69F284E-4928-197C-4513-51F057D1B740">
<createdBy>KimPhung</createdBy>
<createdTime>2014-11-02 22:13:40 UTC</createdTime>
<generatorID>3451ACA6-8562-6885-F1CB-C1FB6D2BCBD6</generatorID>
<ownerDesignName>pkd</ownerDesignName>
<useDomainConstraints>false</useDomainConstraints>
<use>1</use>
<logicalDatatype>LOGDT011</logicalDatatype>
<autoIncrementCycle>false</autoIncrementCycle>
</Column>
<Column name="dex_no" id="FBC9F8E0-66B1-87AF-7400-0B5CB3C6076A">
<createdBy>KimPhung</createdBy>
<createdTime>2014-11-02 22:13:40 UTC</createdTime>
<generatorID>E6CD7786-4702-4B60-48FF-D5DECE6F0827</generatorID>
<ownerDesignName>pkd</ownerDesignName>
<nullsAllowed>true</nullsAllowed>
<useDomainConstraints>false</useDomainConstraints>
<use>1</use>
<logicalDatatype>LOGDT011</logicalDatatype>
<autoIncrementCycle>false</autoIncrementCycle>
</Column>
<Column name="name" id="9C0A74AC-50B6-15BE-F736-859CD78CD1DD">
<createdBy>KimPhung</createdBy>
<createdTime>2014-11-02 22:13:40 UTC</createdTime>
<generatorID>7F8A9A82-3448-C4BC-74D7-902841F96FFC</generatorID>
<ownerDesignName>pkd</ownerDesignName>
<useDomainConstraints>false</useDomainConstraints>
<use>1</use>
<logicalDatatype>LOGDT024</logicalDatatype>
<dataTypeSize>255</dataTypeSize>
<autoIncrementCycle>false</autoIncrementCycle>
</Column>
<Column name="height" id="C31620C4-A397-DE0B-2CD4-63C4C27940B8">
<createdBy>KimPhung</createdBy>
<createdTime>2014-11-02 22:13:40 UTC</createdTime>
<generatorID>4B105DD7-E160-F89E-46F6-B742B80E48F1</generatorID>
<ownerDesignName>pkd</ownerDesignName>
<nullsAllowed>true</nullsAllowed>
<useDomainConstraints>false</useDomainConstraints>
<use>1</use>
<logicalDatatype>LOGDT011</logicalDatatype>
<autoIncrementCycle>false</autoIncrementCycle>
</Column>
<Column name="weight" id="B0A1C643-B1E1-7387-2FA4-C7440E3A6BE1">
<createdBy>KimPhung</createdBy>
<createdTime>2014-11-02 22:13:40 UTC</createdTime>
<generatorID>7A90A872-EE2B-F0FD-E05A-F122DB5E4CE6</generatorID>
<ownerDesignName>pkd</ownerDesignName>
<nullsAllowed>true</nullsAllowed>
<useDomainConstraints>false</useDomainConstraints>
<use>1</use>
<logicalDatatype>LOGDT011</logicalDatatype>
<autoIncrementCycle>false</autoIncrementCycle>
</Column>
<Column name="PKD_pokemon_pokemon_id" id="B12975ED-C207-B076-A821-68AA549C32E6">
<createdBy>KimPhung</createdBy>
<createdTime>2014-11-02 22:13:40 UTC</createdTime>
<generatorID>31B4AF74-C16F-E468-3119-41DE055E0935</generatorID>
<ownerDesignName>pkd</ownerDesignName>
<nullsAllowed>true</nullsAllowed>
<useDomainConstraints>false</useDomainConstraints>
<use>1</use>
<logicalDatatype>LOGDT011</logicalDatatype>
<delegate>E69F284E-4928-197C-4513-51F057D1B740</delegate>
<previousColumn>false</previousColumn>
<autoIncrementCycle>false</autoIncrementCycle>
<associations>
<colAssociation fkAssociation="BFB1B384-D2DE-A005-C517-5A1F08CF586E" referredColumn="E69F284E-4928-197C-4513-51F057D1B740"/>
</associations>
</Column>
<Column name="image" id="EA92F1C5-CFDC-2883-CDD6-8E3F081FA1BB">
<createdBy>KimPhung</createdBy>
<createdTime>2014-11-02 22:13:40 UTC</createdTime>
<generatorID>3DD82D65-963D-D3D5-FEBF-6CC4B5FC4185</generatorID>
<ownerDesignName>pkd</ownerDesignName>
<nullsAllowed>true</nullsAllowed>
<useDomainConstraints>false</useDomainConstraints>
<use>1</use>
<logicalDatatype>LOGDT029</logicalDatatype>
<autoIncrementCycle>false</autoIncrementCycle>
</Column>
<Column name="icon" id="930566EA-1600-B954-26B8-695A5B589AD4">
<createdBy>KimPhung</createdBy>
<createdTime>2014-11-02 22:13:40 UTC</createdTime>
<generatorID>A9853B3C-BFC0-77BD-0CF4-076AA4FA17B3</generatorID>
<ownerDesignName>pkd</ownerDesignName>
<nullsAllowed>true</nullsAllowed>
<useDomainConstraints>false</useDomainConstraints>
<use>1</use>
<logicalDatatype>LOGDT029</logicalDatatype>
<autoIncrementCycle>false</autoIncrementCycle>
</Column>
<Column name="image_mimetype" id="98D2FF9F-D248-D3CD-8494-127E16EB8B90">
<createdBy>KimPhung</createdBy>
<createdTime>2014-11-24 16:33:56 UTC</createdTime>
<generatorID>77D6A9E7-E8B3-5D71-C10B-2B853C87C60C</generatorID>
<ownerDesignName>pkd</ownerDesignName>
<nullsAllowed>true</nullsAllowed>
<useDomainConstraints>false</useDomainConstraints>
<use>1</use>
<logicalDatatype>LOGDT024</logicalDatatype>
<dataTypeSize>255</dataTypeSize>
<autoIncrementCycle>false</autoIncrementCycle>
</Column>
<Column name="image_filename" id="4237E047-B1A4-9747-846E-175D0A94ECB3">
<createdBy>KimPhung</createdBy>
<createdTime>2014-11-24 16:33:56 UTC</createdTime>
<generatorID>006A68D2-9C94-8CF3-F73D-79540B986EB5</generatorID>
<ownerDesignName>pkd</ownerDesignName>
<nullsAllowed>true</nullsAllowed>
<useDomainConstraints>false</useDomainConstraints>
<use>1</use>
<logicalDatatype>LOGDT024</logicalDatatype>
<dataTypeSize>255</dataTypeSize>
<autoIncrementCycle>false</autoIncrementCycle>
</Column>
<Column name="image_last_update" id="57AB3721-1A2C-5F76-4E2A-12D60160EAF4">
<createdBy>KimPhung</createdBy>
<createdTime>2014-11-24 16:33:56 UTC</createdTime>
<generatorID>0D2D11D5-3BE0-A496-A27E-CA4D10790718</generatorID>
<ownerDesignName>pkd</ownerDesignName>
<nullsAllowed>true</nullsAllowed>
<useDomainConstraints>false</useDomainConstraints>
<use>1</use>
<logicalDatatype>LOGDT007</logicalDatatype>
<autoIncrementCycle>false</autoIncrementCycle>
</Column>
<Column name="image_charset" id="FAAA6F80-9E77-6305-B8E9-BB3D67D8BE71">
<createdBy>KimPhung</createdBy>
<createdTime>2014-11-24 16:33:56 UTC</createdTime>
<generatorID>C7FFB23F-FC9A-6DF0-B3B6-AEBDAE060644</generatorID>
<ownerDesignName>pkd</ownerDesignName>
<nullsAllowed>true</nullsAllowed>
<useDomainConstraints>false</useDomainConstraints>
<use>1</use>
<logicalDatatype>LOGDT024</logicalDatatype>
<dataTypeSize>255</dataTypeSize>
<autoIncrementCycle>false</autoIncrementCycle>
</Column>
<Column name="icon_mimetype" id="D4F7047D-ED9D-1C1E-3C9C-CFAFC0E836E4">
<createdBy>KimPhung</createdBy>
<createdTime>2014-11-24 16:33:56 UTC</createdTime>
<generatorID>65456B0D-AA92-4939-6136-A145902EB243</generatorID>
<ownerDesignName>pkd</ownerDesignName>
<nullsAllowed>true</nullsAllowed>
<useDomainConstraints>false</useDomainConstraints>
<use>1</use>
<logicalDatatype>LOGDT024</logicalDatatype>
<dataTypeSize>255</dataTypeSize>
<autoIncrementCycle>false</autoIncrementCycle>
</Column>
<Column name="icon_filename" id="03DB0BAD-8D59-1793-CAEB-B0F24F2C7A92">
<createdBy>KimPhung</createdBy>
<createdTime>2014-11-24 16:33:56 UTC</createdTime>
<generatorID>6DEBED9D-48D4-D06A-3FFB-C1ED37E4AB3C</generatorID>
<ownerDesignName>pkd</ownerDesignName>
<nullsAllowed>true</nullsAllowed>
<useDomainConstraints>false</useDomainConstraints>
<use>1</use>
<logicalDatatype>LOGDT024</logicalDatatype>
<dataTypeSize>255</dataTypeSize>
<autoIncrementCycle>false</autoIncrementCycle>
</Column>
<Column name="icon_last_update" id="37FF9B22-2238-380C-BF51-DE00F434B84E">
<createdBy>KimPhung</createdBy>
<createdTime>2014-11-24 16:33:56 UTC</createdTime>
<generatorID>83BD87FD-1BDD-94F4-45D8-BCFBCCB9CD1E</generatorID>
<ownerDesignName>pkd</ownerDesignName>
<nullsAllowed>true</nullsAllowed>
<useDomainConstraints>false</useDomainConstraints>
<use>1</use>
<logicalDatatype>LOGDT007</logicalDatatype>
<autoIncrementCycle>false</autoIncrementCycle>
</Column>
<Column name="icon_charset" id="95096B49-2F79-84A0-5F6F-CD75C745EFEB">
<createdBy>KimPhung</createdBy>
<createdTime>2014-11-24 16:33:56 UTC</createdTime>
<generatorID>AF1DA48A-9448-230B-1CE8-0CF444D9E523</generatorID>
<ownerDesignName>pkd</ownerDesignName>
<nullsAllowed>true</nullsAllowed>
<useDomainConstraints>false</useDomainConstraints>
<use>1</use>
<logicalDatatype>LOGDT024</logicalDatatype>
<dataTypeSize>255</dataTypeSize>
<autoIncrementCycle>false</autoIncrementCycle>
</Column>
</columns>
<indexes itemClass="oracle.dbtools.crest.model.design.relational.Index">
<ind_PK_UK id="3630C945-A759-8351-0C4B-8AD5EDF9FD34" name="PKD_pokemon_PK">
<createdBy>KimPhung</createdBy>
<createdTime>2014-11-02 22:13:40 UTC</createdTime>
<generatorID>20F6FAAE-B817-C455-06BF-4163042AB77F</generatorID>
<ownerDesignName>pkd</ownerDesignName>
<pk>true</pk>
<indexState>Primary Constraint</indexState>
<isSurrogateKey>false</isSurrogateKey>
<indexColumnUsage>
<colUsage columnID="E69F284E-4928-197C-4513-51F057D1B740"/>
</indexColumnUsage>
</ind_PK_UK>
<ind_PK_UK id="F3EA87BE-9556-05A2-42D5-0FB35B2BE543" name="PKD_pokemon_PKD_pokemon_FK">
<createdBy>KimPhung</createdBy>
<createdTime>2014-11-02 22:13:40 UTC</createdTime>
<generatorID>C0563CCB-2E86-FC75-6AFC-42AF06AB0A96</generatorID>
<ownerDesignName>pkd</ownerDesignName>
<indexState>Foreign Key</indexState>
<isSurrogateKey>false</isSurrogateKey>
<indexColumnUsage>
<colUsage columnID="B12975ED-C207-B076-A821-68AA549C32E6"/>
</indexColumnUsage>
</ind_PK_UK>
</indexes>
</Table>