<?xml version = '1.0' encoding = 'UTF-8'?>
<Relation class="oracle.dbtools.crest.model.design.logical.Relation" name="Relation_8" directorySegmentName="seg_0" id="40FE58CC-EC9C-FEF7-5ED6-42783F61F81B">
<createdBy>KimPhung</createdBy>
<createdTime>2014-11-24 23:00:08 UTC</createdTime>
<ownerDesignName>pkd-concept</ownerDesignName>
<engineerTo>
<item key="F0438EF2-4025-A818-4A91-84B98223F29E" value="true"/>
</engineerTo>
<sourcePk>4FBF151C-4BDB-27C4-C818-92EAC38DD963</sourcePk>
<identifying>false</identifying>
<optionalSource>true</optionalSource>
<optionalTarget>true</optionalTarget>
<sourceCardinality>1</sourceCardinality>
<sourceEntity>B83E575D-F8FC-C475-82BE-97681986BB81</sourceEntity>
<targetCardinalityString>*</targetCardinalityString>
<targetEntity>9D1ED602-F29C-301E-FDB7-7BB5D0F20364</targetEntity>
<transferable>true</transferable>
<deleteRule>NO ACTION</deleteRule>
</Relation>