<?xml version = '1.0' encoding = 'UTF-8'?>
<Relation class="oracle.dbtools.crest.model.design.logical.Relation" name="Relation_6" directorySegmentName="seg_0" id="4FABC5D4-B550-28DF-32C6-387770B6766D">
<createdBy>KimPhung</createdBy>
<createdTime>2014-11-24 16:31:45 UTC</createdTime>
<ownerDesignName>pkd-concept</ownerDesignName>
<engineerTo>
<item key="F0438EF2-4025-A818-4A91-84B98223F29E" value="true"/>
</engineerTo>
<sourcePk>89A2482C-13C4-03AB-6602-B81439194C4F</sourcePk>
<identifying>false</identifying>
<optionalSource>true</optionalSource>
<optionalTarget>true</optionalTarget>
<sourceCardinality>1</sourceCardinality>
<sourceEntity>32B7EEBF-8DF2-5779-5577-40739ABEFB40</sourceEntity>
<targetCardinalityString>*</targetCardinalityString>
<targetEntity>0AB8CEE3-D15D-13A1-E96A-2402C15A4F82</targetEntity>
<transferable>true</transferable>
<deleteRule>NO ACTION</deleteRule>
</Relation>