<?xml version = '1.0' encoding = 'UTF-8'?>
<Relation class="oracle.dbtools.crest.model.design.logical.Relation" name="Relation_2" directorySegmentName="seg_0" id="9B820F59-AEB8-135D-86EB-E45779B279F9">
<createdBy>KimPhung</createdBy>
<createdTime>2014-11-02 22:00:29 UTC</createdTime>
<ownerDesignName>pkd-concept</ownerDesignName>
<engineerTo>
<item key="F0438EF2-4025-A818-4A91-84B98223F29E" value="true"/>
</engineerTo>
<identifying>false</identifying>
<optionalSource>true</optionalSource>
<optionalTarget>false</optionalTarget>
<sourceCardinality>*</sourceCardinality>
<sourceEntity>32B7EEBF-8DF2-5779-5577-40739ABEFB40</sourceEntity>
<targetCardinalityString>*</targetCardinalityString>
<targetEntity>B83E575D-F8FC-C475-82BE-97681986BB81</targetEntity>
<transferable>true</transferable>
<deleteRule>NO ACTION</deleteRule>
</Relation>