<?xml version = '1.0' encoding = 'UTF-8'?>
<Relation class="oracle.dbtools.crest.model.design.logical.Relation" name="PKD_previous_evo" directorySegmentName="seg_0" id="DB9C9544-D24D-AF08-49ED-9BD863278016">
<createdBy>KimPhung</createdBy>
<createdTime>2014-11-02 21:58:59 UTC</createdTime>
<ownerDesignName>pkd-concept</ownerDesignName>
<engineerTo>
<item key="F0438EF2-4025-A818-4A91-84B98223F29E" value="true"/>
</engineerTo>
<targetPk>89A2482C-13C4-03AB-6602-B81439194C4F</targetPk>
<identifying>false</identifying>
<optionalSource>true</optionalSource>
<optionalTarget>true</optionalTarget>
<sourceCardinality>1</sourceCardinality>
<sourceEntity>32B7EEBF-8DF2-5779-5577-40739ABEFB40</sourceEntity>
<targetCardinalityString>*</targetCardinalityString>
<targetEntity>32B7EEBF-8DF2-5779-5577-40739ABEFB40</targetEntity>
<transferable>true</transferable>
<deleteRule>NO ACTION</deleteRule>
</Relation>