<?xml version = '1.0' encoding = 'UTF-8'?>
<Relation class="oracle.dbtools.crest.model.design.logical.Relation" name="Relation_3" directorySegmentName="seg_0" id="FF83CFA1-53CC-6478-6A5C-D9909077B222">
<createdBy>KimPhung</createdBy>
<createdTime>2014-11-02 22:12:37 UTC</createdTime>
<ownerDesignName>pkd-concept</ownerDesignName>
<engineerTo>
<item key="F0438EF2-4025-A818-4A91-84B98223F29E" value="true"/>
</engineerTo>
<identifying>false</identifying>
<optionalSource>true</optionalSource>
<optionalTarget>true</optionalTarget>
<sourceCardinality>*</sourceCardinality>
<sourceEntity>32B7EEBF-8DF2-5779-5577-40739ABEFB40</sourceEntity>
<targetCardinalityString>*</targetCardinalityString>
<targetEntity>9D1ED602-F29C-301E-FDB7-7BB5D0F20364</targetEntity>
<transferable>true</transferable>
<deleteRule>NO ACTION</deleteRule>
</Relation>