<?xml version = '1.0' encoding = 'UTF-8'?>
<Entity class="oracle.dbtools.crest.model.design.logical.Entity" directorySegmentName="seg_0" id="0094764E-9CB7-AEC4-5010-76282C842B2F" name="PKD_phys_move">
<createdBy>KimPhung</createdBy>
<createdTime>2014-11-02 22:05:29 UTC</createdTime>
<ownerDesignName>pkd-concept</ownerDesignName>
<engineerTo>
<item key="F0438EF2-4025-A818-4A91-84B98223F29E" value="true"/>
</engineerTo>
<adequatelyNormalized>NO</adequatelyNormalized>
<expectedVolumes>0</expectedVolumes>
<fwdEngineeringStrategyName>Single Table</fwdEngineeringStrategyName>
<growthPercent>0</growthPercent>
<growthType>Year</growthType>
<hierarchicalParent>9D1ED602-F29C-301E-FDB7-7BB5D0F20364</hierarchicalParent>
<maxVolumes>9999999</maxVolumes>
<minVolumes>0</minVolumes>
<normalForm>Third</normalForm>
<attributes itemClass="oracle.dbtools.crest.model.design.logical.Attribute">
<Attribute name="power" id="522AF958-5063-7C06-A0BC-C0C098FF68B4">
<createdBy>KimPhung</createdBy>
<createdTime>2014-11-02 22:05:54 UTC</createdTime>
<ownerDesignName>pkd-concept</ownerDesignName>
<engineerTo>
<item key="F0438EF2-4025-A818-4A91-84B98223F29E" value="true"/>
</engineerTo>
<nullsAllowed>true</nullsAllowed>
<useDomainConstraints>false</useDomainConstraints>
<use>1</use>
<logicalDatatype>LOGDT011</logicalDatatype>
</Attribute>
</attributes>
</Entity>