<?xml version = '1.0' encoding = 'UTF-8'?>
<Entity class="oracle.dbtools.crest.model.design.logical.Entity" directorySegmentName="seg_0" id="0AB8CEE3-D15D-13A1-E96A-2402C15A4F82" name="PKD_file">
<createdBy>KimPhung</createdBy>
<createdTime>2014-11-24 16:29:46 UTC</createdTime>
<ownerDesignName>pkd-concept</ownerDesignName>
<engineerTo>
<item key="F0438EF2-4025-A818-4A91-84B98223F29E" value="true"/>
</engineerTo>
<adequatelyNormalized>NO</adequatelyNormalized>
<expectedVolumes>0</expectedVolumes>
<fwdEngineeringStrategyName>Single Table</fwdEngineeringStrategyName>
<growthPercent>0</growthPercent>
<growthType>Year</growthType>
<maxVolumes>9999999</maxVolumes>
<minVolumes>0</minVolumes>
<normalForm>Third</normalForm>
<attributes itemClass="oracle.dbtools.crest.model.design.logical.Attribute">
<Attribute name="file_id" id="3C661571-E0D7-E133-CB14-CEB5BC6C0A1B">
<createdBy>KimPhung</createdBy>
<createdTime>2014-11-24 16:29:46 UTC</createdTime>
<ownerDesignName>pkd-concept</ownerDesignName>
<engineerTo>
<item key="F0438EF2-4025-A818-4A91-84B98223F29E" value="true"/>
</engineerTo>
<useDomainConstraints>false</useDomainConstraints>
<use>1</use>
<logicalDatatype>LOGDT011</logicalDatatype>
</Attribute>
<Attribute name="file_data" id="82949006-A76E-BA17-9FBE-3CF96FC721E3">
<createdBy>KimPhung</createdBy>
<createdTime>2014-11-24 17:30:26 UTC</createdTime>
<ownerDesignName>pkd-concept</ownerDesignName>
<engineerTo>
<item key="F0438EF2-4025-A818-4A91-84B98223F29E" value="true"/>
</engineerTo>
<nullsAllowed>true</nullsAllowed>
<useDomainConstraints>false</useDomainConstraints>
<use>1</use>
<logicalDatatype>LOGDT029</logicalDatatype>
</Attribute>
<Attribute name="mimetype" id="3B50FF19-C88D-0169-2718-1B17319EA9EC">
<createdBy>KimPhung</createdBy>
<createdTime>2014-11-24 16:29:46 UTC</createdTime>
<ownerDesignName>pkd-concept</ownerDesignName>
<engineerTo>
<item key="F0438EF2-4025-A818-4A91-84B98223F29E" value="true"/>
</engineerTo>
<nullsAllowed>true</nullsAllowed>
<useDomainConstraints>false</useDomainConstraints>
<use>1</use>
<logicalDatatype>LOGDT024</logicalDatatype>
<dataTypeSize>255</dataTypeSize>
</Attribute>
<Attribute name="filename" id="37C37CDE-53D1-237E-CEBC-2C6B9D1F0CAC">
<createdBy>KimPhung</createdBy>
<createdTime>2014-11-24 16:29:46 UTC</createdTime>
<ownerDesignName>pkd-concept</ownerDesignName>
<engineerTo>
<item key="F0438EF2-4025-A818-4A91-84B98223F29E" value="true"/>
</engineerTo>
<nullsAllowed>true</nullsAllowed>
<useDomainConstraints>false</useDomainConstraints>
<use>1</use>
<logicalDatatype>LOGDT024</logicalDatatype>
<dataTypeSize>255</dataTypeSize>
</Attribute>
<Attribute name="last_update" id="FCA23BE7-7146-3017-837B-F9EC9A85603C">
<createdBy>KimPhung</createdBy>
<createdTime>2014-11-24 16:29:46 UTC</createdTime>
<ownerDesignName>pkd-concept</ownerDesignName>
<engineerTo>
<item key="F0438EF2-4025-A818-4A91-84B98223F29E" value="true"/>
</engineerTo>
<nullsAllowed>true</nullsAllowed>
<useDomainConstraints>false</useDomainConstraints>
<use>1</use>
<logicalDatatype>LOGDT007</logicalDatatype>
</Attribute>
<Attribute name="charset" id="2B9560E8-B3C2-D58E-17C7-EDD75F2AE45C">
<createdBy>KimPhung</createdBy>
<createdTime>2014-11-24 16:29:46 UTC</createdTime>
<ownerDesignName>pkd-concept</ownerDesignName>
<engineerTo>
<item key="F0438EF2-4025-A818-4A91-84B98223F29E" value="true"/>
</engineerTo>
<nullsAllowed>true</nullsAllowed>
<useDomainConstraints>false</useDomainConstraints>
<use>1</use>
<logicalDatatype>LOGDT024</logicalDatatype>
<dataTypeSize>255</dataTypeSize>
</Attribute>
<Attribute name="comments" id="D02C38BD-B165-CF9C-E2A7-D11D4F5BE641">
<createdBy>KimPhung</createdBy>
<createdTime>2014-11-24 16:29:46 UTC</createdTime>
<ownerDesignName>pkd-concept</ownerDesignName>
<engineerTo>
<item key="F0438EF2-4025-A818-4A91-84B98223F29E" value="true"/>
</engineerTo>
<nullsAllowed>true</nullsAllowed>
<useDomainConstraints>false</useDomainConstraints>
<use>1</use>
<logicalDatatype>LOGDT024</logicalDatatype>
<dataTypeSize>255</dataTypeSize>
</Attribute>
<Attribute name="tags" id="D4AD23AF-5C56-5437-7426-9E634A648E3D">
<createdBy>KimPhung</createdBy>
<createdTime>2014-11-24 16:29:46 UTC</createdTime>
<ownerDesignName>pkd-concept</ownerDesignName>
<engineerTo>
<item key="F0438EF2-4025-A818-4A91-84B98223F29E" value="true"/>
</engineerTo>
<nullsAllowed>true</nullsAllowed>
<useDomainConstraints>false</useDomainConstraints>
<use>1</use>
<logicalDatatype>LOGDT024</logicalDatatype>
<dataTypeSize>255</dataTypeSize>
</Attribute>
<Attribute name="pokemon_id" id="086111C1-1163-604B-277F-0538A5F89A60">
<createdBy>KimPhung</createdBy>
<createdTime>2014-11-24 16:31:45 UTC</createdTime>
<generatorID>4FABC5D4-B550-28DF-32C6-387770B6766D</generatorID>
<ownerDesignName>pkd-concept</ownerDesignName>
<engineerTo>
<item key="F0438EF2-4025-A818-4A91-84B98223F29E" value="true"/>
</engineerTo>
<nullsAllowed>true</nullsAllowed>
<referedAttribute>7CC343EE-2B2D-9FE1-142B-197D97810668</referedAttribute>
<useDomainConstraints>false</useDomainConstraints>
<use>1</use>
<logicalDatatype>LOGDT011</logicalDatatype>
</Attribute>
</attributes>
<identifiers itemClass="oracle.dbtools.crest.model.design.logical.CandidateKey">
<identifier id="C75BFF78-2F10-2D7C-A07A-AFDB4CFFC8C3" name="PKD_type PK">
<createdBy>KimPhung</createdBy>
<createdTime>2014-11-24 16:29:46 UTC</createdTime>
<ownerDesignName>pkd-concept</ownerDesignName>
<engineerTo>
<item key="F0438EF2-4025-A818-4A91-84B98223F29E" value="true"/>
</engineerTo>
<pk>true</pk>
<usedAttributes>
<attributeRef>3C661571-E0D7-E133-CB14-CEB5BC6C0A1B</attributeRef>
</usedAttributes>
</identifier>
</identifiers>
</Entity>