<?xml version = '1.0' encoding = 'UTF-8'?>
<Entity class="oracle.dbtools.crest.model.design.logical.Entity" directorySegmentName="seg_0" id="236F34ED-97C5-B3EA-5203-D0449C5F0382" name="PKD_spe_move">
<createdBy>KimPhung</createdBy>
<createdTime>2014-11-02 22:06:39 UTC</createdTime>
<ownerDesignName>pkd-concept</ownerDesignName>
<engineerTo>
<item key="F0438EF2-4025-A818-4A91-84B98223F29E" value="true"/>
</engineerTo>
<adequatelyNormalized>NO</adequatelyNormalized>
<expectedVolumes>0</expectedVolumes>
<fwdEngineeringStrategyName>Single Table</fwdEngineeringStrategyName>
<growthPercent>0</growthPercent>
<growthType>Year</growthType>
<hierarchicalParent>9D1ED602-F29C-301E-FDB7-7BB5D0F20364</hierarchicalParent>
<maxVolumes>9999999</maxVolumes>
<minVolumes>0</minVolumes>
<normalForm>Third</normalForm>
<attributes itemClass="oracle.dbtools.crest.model.design.logical.Attribute">
<Attribute name="power" id="6559663A-B9FC-8869-DB29-F4254BC74D0B">
<createdBy>KimPhung</createdBy>
<createdTime>2014-11-02 22:07:03 UTC</createdTime>
<ownerDesignName>pkd-concept</ownerDesignName>
<engineerTo>
<item key="F0438EF2-4025-A818-4A91-84B98223F29E" value="true"/>
</engineerTo>
<nullsAllowed>true</nullsAllowed>
<useDomainConstraints>false</useDomainConstraints>
<use>1</use>
<logicalDatatype>LOGDT011</logicalDatatype>
</Attribute>
</attributes>
</Entity>