<?xml version = '1.0' encoding = 'UTF-8'?>
<Entity class="oracle.dbtools.crest.model.design.logical.Entity" directorySegmentName="seg_0" id="32B7EEBF-8DF2-5779-5577-40739ABEFB40" name="PKD_pokemon">
<createdBy>KimPhung</createdBy>
<createdTime>2014-11-02 21:58:59 UTC</createdTime>
<ownerDesignName>pkd-concept</ownerDesignName>
<engineerTo>
<item key="F0438EF2-4025-A818-4A91-84B98223F29E" value="true"/>
</engineerTo>
<adequatelyNormalized>NO</adequatelyNormalized>
<expectedVolumes>0</expectedVolumes>
<fwdEngineeringStrategyName>Single Table</fwdEngineeringStrategyName>
<growthPercent>0</growthPercent>
<growthType>Year</growthType>
<maxVolumes>9999999</maxVolumes>
<minVolumes>0</minVolumes>
<normalForm>Third</normalForm>
<attributes itemClass="oracle.dbtools.crest.model.design.logical.Attribute">
<Attribute name="pokemon_id" id="7CC343EE-2B2D-9FE1-142B-197D97810668">
<createdBy>KimPhung</createdBy>
<createdTime>2014-11-02 21:58:59 UTC</createdTime>
<ownerDesignName>pkd-concept</ownerDesignName>
<importedID>3451ACA6-8562-6885-F1CB-C1FB6D2BCBD6</importedID>
<engineerTo>
<item key="F0438EF2-4025-A818-4A91-84B98223F29E" value="true"/>
</engineerTo>
<useDomainConstraints>false</useDomainConstraints>
<use>1</use>
<logicalDatatype>LOGDT011</logicalDatatype>
</Attribute>
<Attribute name="dex_no" id="817D0939-EAC9-5AE4-1BCB-ADC6D1F39F39">
<createdBy>KimPhung</createdBy>
<createdTime>2014-11-02 21:58:59 UTC</createdTime>
<ownerDesignName>pkd-concept</ownerDesignName>
<importedID>E6CD7786-4702-4B60-48FF-D5DECE6F0827</importedID>
<engineerTo>
<item key="F0438EF2-4025-A818-4A91-84B98223F29E" value="true"/>
</engineerTo>
<nullsAllowed>true</nullsAllowed>
<useDomainConstraints>false</useDomainConstraints>
<use>1</use>
<logicalDatatype>LOGDT011</logicalDatatype>
</Attribute>
<Attribute name="name" id="9BFE591C-4AB1-259B-5FF2-C4B7256C69D0">
<createdBy>KimPhung</createdBy>
<createdTime>2014-11-02 21:58:59 UTC</createdTime>
<ownerDesignName>pkd-concept</ownerDesignName>
<importedID>7F8A9A82-3448-C4BC-74D7-902841F96FFC</importedID>
<engineerTo>
<item key="F0438EF2-4025-A818-4A91-84B98223F29E" value="true"/>
</engineerTo>
<useDomainConstraints>false</useDomainConstraints>
<use>1</use>
<logicalDatatype>LOGDT024</logicalDatatype>
<dataTypeSize>255</dataTypeSize>
</Attribute>
<Attribute name="height" id="EAF1DB55-4D07-E3BB-9C7D-66B008BCE421">
<createdBy>KimPhung</createdBy>
<createdTime>2014-11-02 21:58:59 UTC</createdTime>
<ownerDesignName>pkd-concept</ownerDesignName>
<importedID>4B105DD7-E160-F89E-46F6-B742B80E48F1</importedID>
<engineerTo>
<item key="F0438EF2-4025-A818-4A91-84B98223F29E" value="true"/>
</engineerTo>
<nullsAllowed>true</nullsAllowed>
<useDomainConstraints>false</useDomainConstraints>
<use>1</use>
<logicalDatatype>LOGDT011</logicalDatatype>
</Attribute>
<Attribute name="weight" id="F274431B-B8FD-C00B-DE37-429CDFE13E8B">
<createdBy>KimPhung</createdBy>
<createdTime>2014-11-02 21:58:59 UTC</createdTime>
<ownerDesignName>pkd-concept</ownerDesignName>
<importedID>7A90A872-EE2B-F0FD-E05A-F122DB5E4CE6</importedID>
<engineerTo>
<item key="F0438EF2-4025-A818-4A91-84B98223F29E" value="true"/>
</engineerTo>
<nullsAllowed>true</nullsAllowed>
<useDomainConstraints>false</useDomainConstraints>
<use>1</use>
<logicalDatatype>LOGDT011</logicalDatatype>
</Attribute>
<Attribute name="pokemon_id1" id="36CFF1E4-F394-9C6E-3D52-07030C00D019">
<createdBy>KimPhung</createdBy>
<createdTime>2014-11-02 21:58:59 UTC</createdTime>
<generatorID>DB9C9544-D24D-AF08-49ED-9BD863278016</generatorID>
<ownerDesignName>pkd-concept</ownerDesignName>
<importedID>31B4AF74-C16F-E468-3119-41DE055E0935</importedID>
<engineerTo>
<item key="F0438EF2-4025-A818-4A91-84B98223F29E" value="true"/>
</engineerTo>
<nullsAllowed>true</nullsAllowed>
<referedAttribute>7CC343EE-2B2D-9FE1-142B-197D97810668</referedAttribute>
<useDomainConstraints>false</useDomainConstraints>
<use>1</use>
<logicalDatatype>LOGDT011</logicalDatatype>
</Attribute>
<Attribute name="image" id="A14701A4-CAC4-C7A9-E255-C7F7B35C4225">
<createdBy>KimPhung</createdBy>
<createdTime>2014-11-02 21:59:09 UTC</createdTime>
<ownerDesignName>pkd-concept</ownerDesignName>
<engineerTo>
<item key="F0438EF2-4025-A818-4A91-84B98223F29E" value="true"/>
</engineerTo>
<nullsAllowed>true</nullsAllowed>
<useDomainConstraints>false</useDomainConstraints>
<use>1</use>
<logicalDatatype>LOGDT029</logicalDatatype>
</Attribute>
<Attribute name="image_mimetype" id="06EE3EBE-78C9-B414-C9E2-F22C97431BB0">
<createdBy>KimPhung</createdBy>
<createdTime>2014-11-24 16:24:47 UTC</createdTime>
<ownerDesignName>pkd-concept</ownerDesignName>
<engineerTo>
<item key="F0438EF2-4025-A818-4A91-84B98223F29E" value="true"/>
</engineerTo>
<nullsAllowed>true</nullsAllowed>
<useDomainConstraints>false</useDomainConstraints>
<use>1</use>
<logicalDatatype>LOGDT024</logicalDatatype>
<dataTypeSize>255</dataTypeSize>
</Attribute>
<Attribute name="image_filename" id="74D58EB6-9652-DCD4-040E-EF311710DA7D">
<createdBy>KimPhung</createdBy>
<createdTime>2014-11-24 16:24:47 UTC</createdTime>
<ownerDesignName>pkd-concept</ownerDesignName>
<engineerTo>
<item key="F0438EF2-4025-A818-4A91-84B98223F29E" value="true"/>
</engineerTo>
<nullsAllowed>true</nullsAllowed>
<useDomainConstraints>false</useDomainConstraints>
<use>1</use>
<logicalDatatype>LOGDT024</logicalDatatype>
<dataTypeSize>255</dataTypeSize>
</Attribute>
<Attribute name="image_last_update" id="EE00E575-89D1-A4ED-1652-7DFC391320F5">
<createdBy>KimPhung</createdBy>
<createdTime>2014-11-24 16:24:47 UTC</createdTime>
<ownerDesignName>pkd-concept</ownerDesignName>
<engineerTo>
<item key="F0438EF2-4025-A818-4A91-84B98223F29E" value="true"/>
</engineerTo>
<nullsAllowed>true</nullsAllowed>
<useDomainConstraints>false</useDomainConstraints>
<use>1</use>
<logicalDatatype>LOGDT007</logicalDatatype>
</Attribute>
<Attribute name="image_charset" id="165EBA94-0D35-610F-52CA-53ACB7E37A0E">
<createdBy>KimPhung</createdBy>
<createdTime>2014-11-24 16:24:47 UTC</createdTime>
<ownerDesignName>pkd-concept</ownerDesignName>
<engineerTo>
<item key="F0438EF2-4025-A818-4A91-84B98223F29E" value="true"/>
</engineerTo>
<nullsAllowed>true</nullsAllowed>
<useDomainConstraints>false</useDomainConstraints>
<use>1</use>
<logicalDatatype>LOGDT024</logicalDatatype>
<dataTypeSize>255</dataTypeSize>
</Attribute>
<Attribute name="icon" id="EFD1D020-0887-E7B6-758D-D5272EC6F138">
<createdBy>KimPhung</createdBy>
<createdTime>2014-11-02 21:59:32 UTC</createdTime>
<ownerDesignName>pkd-concept</ownerDesignName>
<engineerTo>
<item key="F0438EF2-4025-A818-4A91-84B98223F29E" value="true"/>
</engineerTo>
<nullsAllowed>true</nullsAllowed>
<useDomainConstraints>false</useDomainConstraints>
<use>1</use>
<logicalDatatype>LOGDT029</logicalDatatype>
</Attribute>
<Attribute name="icon_mimetype" id="653D56ED-204A-ABCF-A7BB-0783FA38EBD9">
<createdBy>KimPhung</createdBy>
<createdTime>2014-11-24 16:25:19 UTC</createdTime>
<ownerDesignName>pkd-concept</ownerDesignName>
<engineerTo>
<item key="F0438EF2-4025-A818-4A91-84B98223F29E" value="true"/>
</engineerTo>
<nullsAllowed>true</nullsAllowed>
<useDomainConstraints>false</useDomainConstraints>
<use>1</use>
<logicalDatatype>LOGDT024</logicalDatatype>
<dataTypeSize>255</dataTypeSize>
</Attribute>
<Attribute name="icon_filename" id="E55FCE73-E7DF-7C1C-9EBC-39CCE16695A7">
<createdBy>KimPhung</createdBy>
<createdTime>2014-11-24 16:25:19 UTC</createdTime>
<ownerDesignName>pkd-concept</ownerDesignName>
<engineerTo>
<item key="F0438EF2-4025-A818-4A91-84B98223F29E" value="true"/>
</engineerTo>
<nullsAllowed>true</nullsAllowed>
<useDomainConstraints>false</useDomainConstraints>
<use>1</use>
<logicalDatatype>LOGDT024</logicalDatatype>
<dataTypeSize>255</dataTypeSize>
</Attribute>
<Attribute name="icon_last_update" id="1C5147FD-4506-9590-0B16-BCE0D57EFA69">
<createdBy>KimPhung</createdBy>
<createdTime>2014-11-24 16:25:19 UTC</createdTime>
<ownerDesignName>pkd-concept</ownerDesignName>
<engineerTo>
<item key="F0438EF2-4025-A818-4A91-84B98223F29E" value="true"/>
</engineerTo>
<nullsAllowed>true</nullsAllowed>
<useDomainConstraints>false</useDomainConstraints>
<use>1</use>
<logicalDatatype>LOGDT007</logicalDatatype>
</Attribute>
<Attribute name="icon_charset" id="4EB6042F-C299-841E-4984-3324C2F145C5">
<createdBy>KimPhung</createdBy>
<createdTime>2014-11-24 16:25:19 UTC</createdTime>
<ownerDesignName>pkd-concept</ownerDesignName>
<engineerTo>
<item key="F0438EF2-4025-A818-4A91-84B98223F29E" value="true"/>
</engineerTo>
<nullsAllowed>true</nullsAllowed>
<useDomainConstraints>false</useDomainConstraints>
<use>1</use>
<logicalDatatype>LOGDT024</logicalDatatype>
<dataTypeSize>255</dataTypeSize>
</Attribute>
</attributes>
<identifiers itemClass="oracle.dbtools.crest.model.design.logical.CandidateKey">
<identifier id="89A2482C-13C4-03AB-6602-B81439194C4F" name="PKD_pokemon PK">
<createdBy>KimPhung</createdBy>
<createdTime>2014-11-02 21:58:59 UTC</createdTime>
<ownerDesignName>pkd-concept</ownerDesignName>
<engineerTo>
<item key="F0438EF2-4025-A818-4A91-84B98223F29E" value="true"/>
</engineerTo>
<pk>true</pk>
<usedAttributes>
<attributeRef>7CC343EE-2B2D-9FE1-142B-197D97810668</attributeRef>
</usedAttributes>
</identifier>
</identifiers>
</Entity>