<?xml version = '1.0' encoding = 'UTF-8'?>
<Entity class="oracle.dbtools.crest.model.design.logical.Entity" directorySegmentName="seg_0" id="9D1ED602-F29C-301E-FDB7-7BB5D0F20364" name="PKD_move">
<createdBy>KimPhung</createdBy>
<createdTime>2014-11-02 22:04:27 UTC</createdTime>
<ownerDesignName>pkd-concept</ownerDesignName>
<engineerTo>
<item key="F0438EF2-4025-A818-4A91-84B98223F29E" value="true"/>
</engineerTo>
<adequatelyNormalized>NO</adequatelyNormalized>
<expectedVolumes>0</expectedVolumes>
<fwdEngineeringStrategyName>Single Table</fwdEngineeringStrategyName>
<growthPercent>0</growthPercent>
<growthType>Year</growthType>
<maxVolumes>9999999</maxVolumes>
<minVolumes>0</minVolumes>
<normalForm>Third</normalForm>
<attributes itemClass="oracle.dbtools.crest.model.design.logical.Attribute">
<Attribute name="move_id" id="F43DE9D4-E640-0EA1-0876-28AB62C05391">
<createdBy>KimPhung</createdBy>
<createdTime>2014-11-02 22:04:27 UTC</createdTime>
<ownerDesignName>pkd-concept</ownerDesignName>
<importedID>E02AA08E-372F-3913-21C2-7A77271790EC</importedID>
<engineerTo>
<item key="F0438EF2-4025-A818-4A91-84B98223F29E" value="true"/>
</engineerTo>
<useDomainConstraints>false</useDomainConstraints>
<use>1</use>
<logicalDatatype>LOGDT011</logicalDatatype>
</Attribute>
<Attribute name="name" id="0F477686-FB49-613C-6744-B88C97DE659C">
<createdBy>KimPhung</createdBy>
<createdTime>2014-11-02 22:04:27 UTC</createdTime>
<ownerDesignName>pkd-concept</ownerDesignName>
<importedID>A154019D-020D-CE0E-AB7B-F39E58D84CC1</importedID>
<engineerTo>
<item key="F0438EF2-4025-A818-4A91-84B98223F29E" value="true"/>
</engineerTo>
<useDomainConstraints>false</useDomainConstraints>
<use>1</use>
<logicalDatatype>LOGDT024</logicalDatatype>
<dataTypeSize>255</dataTypeSize>
</Attribute>
<Attribute name="accuracy" id="C3E4C16C-BDB4-9186-C176-0B2509FB19A5">
<createdBy>KimPhung</createdBy>
<createdTime>2014-11-02 22:04:27 UTC</createdTime>
<ownerDesignName>pkd-concept</ownerDesignName>
<importedID>A8209A78-54B6-8DC4-8CE5-47D1F49A67CC</importedID>
<engineerTo>
<item key="F0438EF2-4025-A818-4A91-84B98223F29E" value="true"/>
</engineerTo>
<nullsAllowed>true</nullsAllowed>
<useDomainConstraints>false</useDomainConstraints>
<use>1</use>
<logicalDatatype>LOGDT011</logicalDatatype>
</Attribute>
<Attribute name="PP" id="6AB22E6F-0A10-BB85-79DE-2B18067A7D9E">
<createdBy>KimPhung</createdBy>
<createdTime>2014-11-02 22:04:27 UTC</createdTime>
<ownerDesignName>pkd-concept</ownerDesignName>
<importedID>66DCC467-8F02-FA1D-FC8D-C7F58C198354</importedID>
<engineerTo>
<item key="F0438EF2-4025-A818-4A91-84B98223F29E" value="true"/>
</engineerTo>
<nullsAllowed>true</nullsAllowed>
<useDomainConstraints>false</useDomainConstraints>
<use>1</use>
<logicalDatatype>LOGDT011</logicalDatatype>
</Attribute>
<Attribute name="type_id" id="BA0FAF13-04C1-E887-0002-B75E2E673BB2">
<createdBy>KimPhung</createdBy>
<createdTime>2014-11-24 23:00:08 UTC</createdTime>
<generatorID>40FE58CC-EC9C-FEF7-5ED6-42783F61F81B</generatorID>
<ownerDesignName>pkd-concept</ownerDesignName>
<engineerTo>
<item key="F0438EF2-4025-A818-4A91-84B98223F29E" value="true"/>
</engineerTo>
<nullsAllowed>true</nullsAllowed>
<referedAttribute>47453F26-5B2E-CBAC-2DFF-A7C4B5AC3CC6</referedAttribute>
<useDomainConstraints>false</useDomainConstraints>
<use>1</use>
<logicalDatatype>LOGDT011</logicalDatatype>
</Attribute>
</attributes>
<identifiers itemClass="oracle.dbtools.crest.model.design.logical.CandidateKey">
<identifier id="6DA79283-FECA-1DE6-A4D4-AE1CBE36AD1F" name="PKD_moves PK">
<createdBy>KimPhung</createdBy>
<createdTime>2014-11-02 22:04:27 UTC</createdTime>
<ownerDesignName>pkd-concept</ownerDesignName>
<engineerTo>
<item key="F0438EF2-4025-A818-4A91-84B98223F29E" value="true"/>
</engineerTo>
<pk>true</pk>
<usedAttributes>
<attributeRef>F43DE9D4-E640-0EA1-0876-28AB62C05391</attributeRef>
</usedAttributes>
</identifier>
</identifiers>
</Entity>