<?xml version = '1.0' encoding = 'UTF-8'?>
<Entity class="oracle.dbtools.crest.model.design.logical.Entity" directorySegmentName="seg_0" id="B83E575D-F8FC-C475-82BE-97681986BB81" name="PKD_type">
<createdBy>KimPhung</createdBy>
<createdTime>2014-11-02 22:00:03 UTC</createdTime>
<ownerDesignName>pkd-concept</ownerDesignName>
<engineerTo>
<item key="F0438EF2-4025-A818-4A91-84B98223F29E" value="true"/>
</engineerTo>
<adequatelyNormalized>NO</adequatelyNormalized>
<expectedVolumes>0</expectedVolumes>
<fwdEngineeringStrategyName>Single Table</fwdEngineeringStrategyName>
<growthPercent>0</growthPercent>
<growthType>Year</growthType>
<maxVolumes>9999999</maxVolumes>
<minVolumes>0</minVolumes>
<normalForm>Third</normalForm>
<attributes itemClass="oracle.dbtools.crest.model.design.logical.Attribute">
<Attribute name="type_id" id="47453F26-5B2E-CBAC-2DFF-A7C4B5AC3CC6">
<createdBy>KimPhung</createdBy>
<createdTime>2014-11-02 22:00:03 UTC</createdTime>
<ownerDesignName>pkd-concept</ownerDesignName>
<importedID>257FA949-FFCC-648E-DD4B-50EE415B7A05</importedID>
<engineerTo>
<item key="F0438EF2-4025-A818-4A91-84B98223F29E" value="true"/>
</engineerTo>
<useDomainConstraints>false</useDomainConstraints>
<use>1</use>
<logicalDatatype>LOGDT011</logicalDatatype>
</Attribute>
<Attribute name="name" id="4721A372-B0E2-7D52-E75B-F0D0E69085FA">
<createdBy>KimPhung</createdBy>
<createdTime>2014-11-02 22:00:03 UTC</createdTime>
<ownerDesignName>pkd-concept</ownerDesignName>
<importedID>F71A0987-ECFA-4A6E-4C8A-082BD4F12D04</importedID>
<engineerTo>
<item key="F0438EF2-4025-A818-4A91-84B98223F29E" value="true"/>
</engineerTo>
<useDomainConstraints>false</useDomainConstraints>
<use>1</use>
<logicalDatatype>LOGDT024</logicalDatatype>
<dataTypeSize>255</dataTypeSize>
</Attribute>
<Attribute name="image" id="FFB137EA-A373-C11A-D4BE-BFFECD4F29A4">
<createdBy>KimPhung</createdBy>
<createdTime>2014-11-02 22:00:07 UTC</createdTime>
<ownerDesignName>pkd-concept</ownerDesignName>
<engineerTo>
<item key="F0438EF2-4025-A818-4A91-84B98223F29E" value="true"/>
</engineerTo>
<nullsAllowed>true</nullsAllowed>
<useDomainConstraints>false</useDomainConstraints>
<use>1</use>
<logicalDatatype>LOGDT029</logicalDatatype>
</Attribute>
<Attribute name="image_mimetype" id="E14C786F-1545-BA6C-02F3-7F844B249FEB">
<createdBy>KimPhung</createdBy>
<createdTime>2014-11-24 16:18:54 UTC</createdTime>
<ownerDesignName>pkd-concept</ownerDesignName>
<engineerTo>
<item key="F0438EF2-4025-A818-4A91-84B98223F29E" value="true"/>
</engineerTo>
<nullsAllowed>true</nullsAllowed>
<useDomainConstraints>false</useDomainConstraints>
<use>1</use>
<logicalDatatype>LOGDT024</logicalDatatype>
<dataTypeSize>255</dataTypeSize>
</Attribute>
<Attribute name="image_filename" id="F656135A-AEDC-0814-0F15-DE60641B4CC9">
<createdBy>KimPhung</createdBy>
<createdTime>2014-11-24 16:19:22 UTC</createdTime>
<ownerDesignName>pkd-concept</ownerDesignName>
<engineerTo>
<item key="F0438EF2-4025-A818-4A91-84B98223F29E" value="true"/>
</engineerTo>
<nullsAllowed>true</nullsAllowed>
<useDomainConstraints>false</useDomainConstraints>
<use>1</use>
<logicalDatatype>LOGDT024</logicalDatatype>
<dataTypeSize>255</dataTypeSize>
</Attribute>
<Attribute name="image_last_update" id="7277CDA6-26B7-BB4E-3925-B447AA06B899">
<createdBy>KimPhung</createdBy>
<createdTime>2014-11-24 16:19:39 UTC</createdTime>
<ownerDesignName>pkd-concept</ownerDesignName>
<engineerTo>
<item key="F0438EF2-4025-A818-4A91-84B98223F29E" value="true"/>
</engineerTo>
<nullsAllowed>true</nullsAllowed>
<useDomainConstraints>false</useDomainConstraints>
<use>1</use>
<logicalDatatype>LOGDT007</logicalDatatype>
</Attribute>
<Attribute name="image_charset" id="7AD6C505-C818-BE99-2C92-C9FA14B4A7C1">
<createdBy>KimPhung</createdBy>
<createdTime>2014-11-24 16:20:05 UTC</createdTime>
<ownerDesignName>pkd-concept</ownerDesignName>
<engineerTo>
<item key="F0438EF2-4025-A818-4A91-84B98223F29E" value="true"/>
</engineerTo>
<nullsAllowed>true</nullsAllowed>
<useDomainConstraints>false</useDomainConstraints>
<use>1</use>
<logicalDatatype>LOGDT024</logicalDatatype>
<dataTypeSize>255</dataTypeSize>
</Attribute>
</attributes>
<identifiers itemClass="oracle.dbtools.crest.model.design.logical.CandidateKey">
<identifier id="4FBF151C-4BDB-27C4-C818-92EAC38DD963" name="PKD_type PK">
<createdBy>KimPhung</createdBy>
<createdTime>2014-11-02 22:00:03 UTC</createdTime>
<ownerDesignName>pkd-concept</ownerDesignName>
<engineerTo>
<item key="F0438EF2-4025-A818-4A91-84B98223F29E" value="true"/>
</engineerTo>
<pk>true</pk>
<usedAttributes>
<attributeRef>47453F26-5B2E-CBAC-2DFF-A7C4B5AC3CC6</attributeRef>
</usedAttributes>
</identifier>
</identifiers>
</Entity>