<?xml version = '1.0' encoding = 'UTF-8'?>
<Entity class="oracle.dbtools.crest.model.design.logical.Entity" directorySegmentName="seg_0" id="333E1F41-1C14-A41A-6FF6-696A48B48489" name="PKD_pk_move">
<createdBy>KimPhung</createdBy>
<createdTime>2014-11-02 22:10:53 UTC</createdTime>
<ownerDesignName>pkd</ownerDesignName>
<engineerTo>
<item key="5A0E0822-DCE1-7DC1-2082-81AEAF2B422C" value="true"/>
</engineerTo>
<adequatelyNormalized>NO</adequatelyNormalized>
<expectedVolumes>0</expectedVolumes>
<fwdEngineeringStrategyName>Single Table</fwdEngineeringStrategyName>
<growthPercent>0</growthPercent>
<growthType>Year</growthType>
<maxVolumes>9999999</maxVolumes>
<minVolumes>0</minVolumes>
<normalForm>Third</normalForm>
<attributes itemClass="oracle.dbtools.crest.model.design.logical.Attribute">
<Attribute name="pk_move_id" id="9240C8C6-D84B-A985-90FB-82BD245D07DC">
<createdBy>KimPhung</createdBy>
<createdTime>2014-11-02 22:10:53 UTC</createdTime>
<ownerDesignName>pkd</ownerDesignName>
<shouldEngineer>false</shouldEngineer>
<engineerTo>
<item key="5A0E0822-DCE1-7DC1-2082-81AEAF2B422C" value="false"/>
</engineerTo>
<useDomainConstraints>false</useDomainConstraints>
<use>1</use>
<logicalDatatype>LOGDT011</logicalDatatype>
</Attribute>
<Attribute name="pokemon_id" id="EB6A18E3-BA27-5178-3838-5B1B999BA2BE">
<createdBy>KimPhung</createdBy>
<createdTime>2014-11-02 22:11:59 UTC</createdTime>
<generatorID>087D5BDF-6435-A5B3-1A4B-40665D14C6D1</generatorID>
<ownerDesignName>pkd</ownerDesignName>
<engineerTo>
<item key="5A0E0822-DCE1-7DC1-2082-81AEAF2B422C" value="true"/>
</engineerTo>
<nullsAllowed>true</nullsAllowed>
<referedAttribute>3451ACA6-8562-6885-F1CB-C1FB6D2BCBD6</referedAttribute>
<useDomainConstraints>false</useDomainConstraints>
<use>1</use>
<logicalDatatype>LOGDT011</logicalDatatype>
</Attribute>
<Attribute name="move_id" id="995BFEA6-9AAF-3AFC-FBC6-B8B9125B5786">
<createdBy>KimPhung</createdBy>
<createdTime>2014-11-02 22:12:05 UTC</createdTime>
<generatorID>3CE0DDB9-EDE0-3938-9581-81CE5E418F5D</generatorID>
<ownerDesignName>pkd</ownerDesignName>
<engineerTo>
<item key="5A0E0822-DCE1-7DC1-2082-81AEAF2B422C" value="true"/>
</engineerTo>
<nullsAllowed>true</nullsAllowed>
<referedAttribute>E02AA08E-372F-3913-21C2-7A77271790EC</referedAttribute>
<useDomainConstraints>false</useDomainConstraints>
<use>1</use>
<logicalDatatype>LOGDT011</logicalDatatype>
</Attribute>
<Attribute name="level_learn" id="CA31A647-B8E9-9EF9-BB2C-E94FBCD0193A">
<createdBy>KimPhung</createdBy>
<createdTime>2014-11-24 16:17:05 UTC</createdTime>
<ownerDesignName>pkd</ownerDesignName>
<shouldEngineer>false</shouldEngineer>
<engineerTo>
<item key="5A0E0822-DCE1-7DC1-2082-81AEAF2B422C" value="false"/>
</engineerTo>
<nullsAllowed>true</nullsAllowed>
<useDomainConstraints>false</useDomainConstraints>
<use>1</use>
<logicalDatatype>LOGDT011</logicalDatatype>
</Attribute>
</attributes>
<identifiers itemClass="oracle.dbtools.crest.model.design.logical.CandidateKey">
<identifier id="EB26B53E-4344-7F41-DE7F-FD19EC7F4EED" name="PKD_pokemon_type PK">
<createdBy>KimPhung</createdBy>
<createdTime>2014-11-02 22:10:53 UTC</createdTime>
<ownerDesignName>pkd</ownerDesignName>
<shouldEngineer>false</shouldEngineer>
<engineerTo>
<item key="5A0E0822-DCE1-7DC1-2082-81AEAF2B422C" value="false"/>
</engineerTo>
<pk>true</pk>
<usedAttributes>
<attributeRef>9240C8C6-D84B-A985-90FB-82BD245D07DC</attributeRef>
</usedAttributes>
</identifier>
</identifiers>
</Entity>