<?xml version = '1.0' encoding = 'UTF-8'?>
<Entity class="oracle.dbtools.crest.model.design.logical.Entity" directorySegmentName="seg_0" id="3A50817A-3EC3-9149-16B5-9D60EDED0390" name="PKD_type">
<createdBy>KimPhung</createdBy>
<createdTime>2014-10-29 21:29:52 UTC</createdTime>
<ownerDesignName>pkd</ownerDesignName>
<engineerTo>
<item key="5A0E0822-DCE1-7DC1-2082-81AEAF2B422C" value="true"/>
</engineerTo>
<adequatelyNormalized>NO</adequatelyNormalized>
<expectedVolumes>0</expectedVolumes>
<fwdEngineeringStrategyName>Single Table</fwdEngineeringStrategyName>
<growthPercent>0</growthPercent>
<growthType>Year</growthType>
<maxVolumes>9999999</maxVolumes>
<minVolumes>0</minVolumes>
<normalForm>Third</normalForm>
<attributes itemClass="oracle.dbtools.crest.model.design.logical.Attribute">
<Attribute name="type_id" id="257FA949-FFCC-648E-DD4B-50EE415B7A05">
<createdBy>KimPhung</createdBy>
<createdTime>2014-10-29 21:30:20 UTC</createdTime>
<ownerDesignName>pkd</ownerDesignName>
<shouldEngineer>false</shouldEngineer>
<engineerTo>
<item key="5A0E0822-DCE1-7DC1-2082-81AEAF2B422C" value="false"/>
</engineerTo>
<useDomainConstraints>false</useDomainConstraints>
<use>1</use>
<logicalDatatype>LOGDT011</logicalDatatype>
</Attribute>
<Attribute name="name" id="F71A0987-ECFA-4A6E-4C8A-082BD4F12D04">
<createdBy>KimPhung</createdBy>
<createdTime>2014-10-29 21:30:28 UTC</createdTime>
<ownerDesignName>pkd</ownerDesignName>
<shouldEngineer>false</shouldEngineer>
<engineerTo>
<item key="5A0E0822-DCE1-7DC1-2082-81AEAF2B422C" value="false"/>
</engineerTo>
<useDomainConstraints>false</useDomainConstraints>
<use>1</use>
<logicalDatatype>LOGDT024</logicalDatatype>
<dataTypeSize>255</dataTypeSize>
</Attribute>
<Attribute name="image" id="04802785-2CF9-CEF4-F046-8F7DC1DA984F">
<createdBy>KimPhung</createdBy>
<createdTime>2014-11-02 22:01:33 UTC</createdTime>
<ownerDesignName>pkd</ownerDesignName>
<shouldEngineer>false</shouldEngineer>
<engineerTo>
<item key="5A0E0822-DCE1-7DC1-2082-81AEAF2B422C" value="false"/>
</engineerTo>
<nullsAllowed>true</nullsAllowed>
<useDomainConstraints>false</useDomainConstraints>
<use>1</use>
<logicalDatatype>LOGDT029</logicalDatatype>
</Attribute>
<Attribute name="image_mimetype" id="30D4020B-5C01-B131-3020-CEC49BED1695">
<createdBy>KimPhung</createdBy>
<createdTime>2014-11-24 16:22:27 UTC</createdTime>
<ownerDesignName>pkd</ownerDesignName>
<shouldEngineer>false</shouldEngineer>
<engineerTo>
<item key="5A0E0822-DCE1-7DC1-2082-81AEAF2B422C" value="false"/>
</engineerTo>
<nullsAllowed>true</nullsAllowed>
<useDomainConstraints>false</useDomainConstraints>
<use>1</use>
<logicalDatatype>LOGDT024</logicalDatatype>
<dataTypeSize>255</dataTypeSize>
</Attribute>
<Attribute name="image_filename" id="C43DD5DC-AC31-D5FB-EB72-A919A9FB591D">
<createdBy>KimPhung</createdBy>
<createdTime>2014-11-24 16:22:27 UTC</createdTime>
<ownerDesignName>pkd</ownerDesignName>
<shouldEngineer>false</shouldEngineer>
<engineerTo>
<item key="5A0E0822-DCE1-7DC1-2082-81AEAF2B422C" value="false"/>
</engineerTo>
<nullsAllowed>true</nullsAllowed>
<useDomainConstraints>false</useDomainConstraints>
<use>1</use>
<logicalDatatype>LOGDT024</logicalDatatype>
<dataTypeSize>255</dataTypeSize>
</Attribute>
<Attribute name="image_last_update" id="EDF2D6F4-2D95-B56B-DB4E-C0E61E2DFB33">
<createdBy>KimPhung</createdBy>
<createdTime>2014-11-24 16:22:27 UTC</createdTime>
<ownerDesignName>pkd</ownerDesignName>
<shouldEngineer>false</shouldEngineer>
<engineerTo>
<item key="5A0E0822-DCE1-7DC1-2082-81AEAF2B422C" value="false"/>
</engineerTo>
<nullsAllowed>true</nullsAllowed>
<useDomainConstraints>false</useDomainConstraints>
<use>1</use>
<logicalDatatype>LOGDT007</logicalDatatype>
</Attribute>
<Attribute name="image_charset" id="D6E90AA2-9BBA-B935-8E8B-4EEF5CE07B4E">
<createdBy>KimPhung</createdBy>
<createdTime>2014-11-24 16:22:27 UTC</createdTime>
<ownerDesignName>pkd</ownerDesignName>
<shouldEngineer>false</shouldEngineer>
<engineerTo>
<item key="5A0E0822-DCE1-7DC1-2082-81AEAF2B422C" value="false"/>
</engineerTo>
<nullsAllowed>true</nullsAllowed>
<useDomainConstraints>false</useDomainConstraints>
<use>1</use>
<logicalDatatype>LOGDT024</logicalDatatype>
<dataTypeSize>255</dataTypeSize>
</Attribute>
</attributes>
<identifiers itemClass="oracle.dbtools.crest.model.design.logical.CandidateKey">
<identifier id="03798BD3-ED24-802C-88E7-A3F6868CDEE8" name="PKD_type PK">
<createdBy>KimPhung</createdBy>
<createdTime>2014-10-29 21:30:27 UTC</createdTime>
<ownerDesignName>pkd</ownerDesignName>
<shouldEngineer>false</shouldEngineer>
<engineerTo>
<item key="5A0E0822-DCE1-7DC1-2082-81AEAF2B422C" value="false"/>
</engineerTo>
<pk>true</pk>
<usedAttributes>
<attributeRef>257FA949-FFCC-648E-DD4B-50EE415B7A05</attributeRef>
</usedAttributes>
</identifier>
</identifiers>
</Entity>