<?xml version = '1.0' encoding = 'UTF-8'?>
<Entity class="oracle.dbtools.crest.model.design.logical.Entity" directorySegmentName="seg_0" id="3DF2BDD9-FFF1-5E4A-5658-745BA394B02B" name="PKD_move">
<createdBy>KimPhung</createdBy>
<createdTime>2014-10-29 21:36:55 UTC</createdTime>
<ownerDesignName>pkd</ownerDesignName>
<engineerTo>
<item key="5A0E0822-DCE1-7DC1-2082-81AEAF2B422C" value="true"/>
</engineerTo>
<adequatelyNormalized>NO</adequatelyNormalized>
<expectedVolumes>0</expectedVolumes>
<fwdEngineeringStrategyName>Single Table</fwdEngineeringStrategyName>
<growthPercent>0</growthPercent>
<growthType>Year</growthType>
<maxVolumes>9999999</maxVolumes>
<minVolumes>0</minVolumes>
<normalForm>Third</normalForm>
<attributes itemClass="oracle.dbtools.crest.model.design.logical.Attribute">
<Attribute name="move_id" id="E02AA08E-372F-3913-21C2-7A77271790EC">
<createdBy>KimPhung</createdBy>
<createdTime>2014-10-29 21:37:14 UTC</createdTime>
<ownerDesignName>pkd</ownerDesignName>
<shouldEngineer>false</shouldEngineer>
<engineerTo>
<item key="5A0E0822-DCE1-7DC1-2082-81AEAF2B422C" value="false"/>
</engineerTo>
<useDomainConstraints>false</useDomainConstraints>
<use>1</use>
<logicalDatatype>LOGDT011</logicalDatatype>
</Attribute>
<Attribute name="name" id="A154019D-020D-CE0E-AB7B-F39E58D84CC1">
<createdBy>KimPhung</createdBy>
<createdTime>2014-10-29 21:37:42 UTC</createdTime>
<ownerDesignName>pkd</ownerDesignName>
<shouldEngineer>false</shouldEngineer>
<engineerTo>
<item key="5A0E0822-DCE1-7DC1-2082-81AEAF2B422C" value="false"/>
</engineerTo>
<useDomainConstraints>false</useDomainConstraints>
<use>1</use>
<logicalDatatype>LOGDT024</logicalDatatype>
<dataTypeSize>255</dataTypeSize>
</Attribute>
<Attribute name="category" id="182788C2-CA71-4030-B32C-8D1B9B8AD22A">
<createdBy>KimPhung</createdBy>
<createdTime>2014-10-29 21:38:50 UTC</createdTime>
<ownerDesignName>pkd</ownerDesignName>
<shouldEngineer>false</shouldEngineer>
<engineerTo>
<item key="5A0E0822-DCE1-7DC1-2082-81AEAF2B422C" value="false"/>
</engineerTo>
<nullsAllowed>true</nullsAllowed>
<useDomainConstraints>false</useDomainConstraints>
<use>1</use>
<logicalDatatype>LOGDT024</logicalDatatype>
<dataTypeSize>255</dataTypeSize>
</Attribute>
<Attribute name="power" id="FC8C02C2-9097-0D78-C0C3-0914ABC1CA55">
<createdBy>KimPhung</createdBy>
<createdTime>2014-10-29 21:39:39 UTC</createdTime>
<ownerDesignName>pkd</ownerDesignName>
<shouldEngineer>false</shouldEngineer>
<engineerTo>
<item key="5A0E0822-DCE1-7DC1-2082-81AEAF2B422C" value="false"/>
</engineerTo>
<nullsAllowed>true</nullsAllowed>
<useDomainConstraints>false</useDomainConstraints>
<use>1</use>
<logicalDatatype>LOGDT011</logicalDatatype>
</Attribute>
<Attribute name="accuracy" id="A8209A78-54B6-8DC4-8CE5-47D1F49A67CC">
<createdBy>KimPhung</createdBy>
<createdTime>2014-10-29 21:39:58 UTC</createdTime>
<ownerDesignName>pkd</ownerDesignName>
<shouldEngineer>false</shouldEngineer>
<engineerTo>
<item key="5A0E0822-DCE1-7DC1-2082-81AEAF2B422C" value="false"/>
</engineerTo>
<nullsAllowed>true</nullsAllowed>
<useDomainConstraints>false</useDomainConstraints>
<use>1</use>
<logicalDatatype>LOGDT011</logicalDatatype>
</Attribute>
<Attribute name="PP" id="66DCC467-8F02-FA1D-FC8D-C7F58C198354">
<createdBy>KimPhung</createdBy>
<createdTime>2014-10-29 21:40:05 UTC</createdTime>
<ownerDesignName>pkd</ownerDesignName>
<shouldEngineer>false</shouldEngineer>
<engineerTo>
<item key="5A0E0822-DCE1-7DC1-2082-81AEAF2B422C" value="false"/>
</engineerTo>
<nullsAllowed>true</nullsAllowed>
<useDomainConstraints>false</useDomainConstraints>
<use>1</use>
<logicalDatatype>LOGDT011</logicalDatatype>
</Attribute>
<Attribute name="type_id" id="4C44C3F3-4983-C9AF-87A8-FC63F4978BA1">
<createdBy>KimPhung</createdBy>
<createdTime>2014-10-29 21:40:42 UTC</createdTime>
<generatorID>916E8C3B-4E53-92CC-98E3-68C9393CAA02</generatorID>
<ownerDesignName>pkd</ownerDesignName>
<engineerTo>
<item key="5A0E0822-DCE1-7DC1-2082-81AEAF2B422C" value="true"/>
</engineerTo>
<nullsAllowed>true</nullsAllowed>
<referedAttribute>257FA949-FFCC-648E-DD4B-50EE415B7A05</referedAttribute>
<useDomainConstraints>false</useDomainConstraints>
<use>1</use>
<logicalDatatype>LOGDT011</logicalDatatype>
</Attribute>
</attributes>
<identifiers itemClass="oracle.dbtools.crest.model.design.logical.CandidateKey">
<identifier id="12F8B90C-3D66-EC3B-A500-CCB7FB03949C" name="PKD_moves PK">
<createdBy>KimPhung</createdBy>
<createdTime>2014-10-29 21:37:26 UTC</createdTime>
<ownerDesignName>pkd</ownerDesignName>
<shouldEngineer>false</shouldEngineer>
<engineerTo>
<item key="5A0E0822-DCE1-7DC1-2082-81AEAF2B422C" value="false"/>
</engineerTo>
<pk>true</pk>
<usedAttributes>
<attributeRef>E02AA08E-372F-3913-21C2-7A77271790EC</attributeRef>
</usedAttributes>
</identifier>
</identifiers>
</Entity>