<?xml version = '1.0' encoding = 'UTF-8'?>
<Entity class="oracle.dbtools.crest.model.design.logical.Entity" directorySegmentName="seg_0" id="92118130-2F48-6A63-560A-A9CCDDD5B98B" name="PKD_file">
<createdBy>KimPhung</createdBy>
<createdTime>2014-11-24 16:43:00 UTC</createdTime>
<ownerDesignName>pkd</ownerDesignName>
<engineerTo>
<item key="5A0E0822-DCE1-7DC1-2082-81AEAF2B422C" value="true"/>
</engineerTo>
<adequatelyNormalized>NO</adequatelyNormalized>
<expectedVolumes>0</expectedVolumes>
<fwdEngineeringStrategyName>Single Table</fwdEngineeringStrategyName>
<growthPercent>0</growthPercent>
<growthType>Year</growthType>
<maxVolumes>9999999</maxVolumes>
<minVolumes>0</minVolumes>
<normalForm>Third</normalForm>
<attributes itemClass="oracle.dbtools.crest.model.design.logical.Attribute">
<Attribute name="file_id" id="72490EFE-638F-7574-F52C-C96919EDE55B">
<createdBy>KimPhung</createdBy>
<createdTime>2014-11-24 16:43:00 UTC</createdTime>
<ownerDesignName>pkd</ownerDesignName>
<importedID>3C661571-E0D7-E133-CB14-CEB5BC6C0A1B</importedID>
<engineerTo>
<item key="5A0E0822-DCE1-7DC1-2082-81AEAF2B422C" value="true"/>
</engineerTo>
<useDomainConstraints>false</useDomainConstraints>
<use>1</use>
<logicalDatatype>LOGDT011</logicalDatatype>
</Attribute>
<Attribute name="file" id="2345E721-E238-49F6-903D-8C82BB256E50">
<createdBy>KimPhung</createdBy>
<createdTime>2014-11-24 17:31:39 UTC</createdTime>
<ownerDesignName>pkd</ownerDesignName>
<engineerTo>
<item key="5A0E0822-DCE1-7DC1-2082-81AEAF2B422C" value="true"/>
</engineerTo>
<nullsAllowed>true</nullsAllowed>
<useDomainConstraints>false</useDomainConstraints>
<use>1</use>
<logicalDatatype>LOGDT029</logicalDatatype>
</Attribute>
<Attribute name="mimetype" id="AD28BB24-D0E6-5A87-0623-DD3CA3D6A3BD">
<createdBy>KimPhung</createdBy>
<createdTime>2014-11-24 16:43:00 UTC</createdTime>
<ownerDesignName>pkd</ownerDesignName>
<importedID>3B50FF19-C88D-0169-2718-1B17319EA9EC</importedID>
<engineerTo>
<item key="5A0E0822-DCE1-7DC1-2082-81AEAF2B422C" value="true"/>
</engineerTo>
<nullsAllowed>true</nullsAllowed>
<useDomainConstraints>false</useDomainConstraints>
<use>1</use>
<logicalDatatype>LOGDT024</logicalDatatype>
<dataTypeSize>255</dataTypeSize>
</Attribute>
<Attribute name="filename" id="4848C848-F6C4-9394-DFA7-1635B3EED892">
<createdBy>KimPhung</createdBy>
<createdTime>2014-11-24 16:43:00 UTC</createdTime>
<ownerDesignName>pkd</ownerDesignName>
<importedID>37C37CDE-53D1-237E-CEBC-2C6B9D1F0CAC</importedID>
<engineerTo>
<item key="5A0E0822-DCE1-7DC1-2082-81AEAF2B422C" value="true"/>
</engineerTo>
<nullsAllowed>true</nullsAllowed>
<useDomainConstraints>false</useDomainConstraints>
<use>1</use>
<logicalDatatype>LOGDT024</logicalDatatype>
<dataTypeSize>255</dataTypeSize>
</Attribute>
<Attribute name="last_update" id="40573A7B-DCD5-7837-449D-5DB708CC2841">
<createdBy>KimPhung</createdBy>
<createdTime>2014-11-24 16:43:00 UTC</createdTime>
<ownerDesignName>pkd</ownerDesignName>
<importedID>FCA23BE7-7146-3017-837B-F9EC9A85603C</importedID>
<engineerTo>
<item key="5A0E0822-DCE1-7DC1-2082-81AEAF2B422C" value="true"/>
</engineerTo>
<nullsAllowed>true</nullsAllowed>
<useDomainConstraints>false</useDomainConstraints>
<use>1</use>
<logicalDatatype>LOGDT007</logicalDatatype>
</Attribute>
<Attribute name="charset" id="11F62AFC-CB46-2F17-271D-13FA7B454E9E">
<createdBy>KimPhung</createdBy>
<createdTime>2014-11-24 16:43:00 UTC</createdTime>
<ownerDesignName>pkd</ownerDesignName>
<importedID>2B9560E8-B3C2-D58E-17C7-EDD75F2AE45C</importedID>
<engineerTo>
<item key="5A0E0822-DCE1-7DC1-2082-81AEAF2B422C" value="true"/>
</engineerTo>
<nullsAllowed>true</nullsAllowed>
<useDomainConstraints>false</useDomainConstraints>
<use>1</use>
<logicalDatatype>LOGDT024</logicalDatatype>
<dataTypeSize>255</dataTypeSize>
</Attribute>
<Attribute name="comments" id="396A47E4-A1BD-BF91-7A83-2E0028A270EF">
<createdBy>KimPhung</createdBy>
<createdTime>2014-11-24 16:43:00 UTC</createdTime>
<ownerDesignName>pkd</ownerDesignName>
<importedID>D02C38BD-B165-CF9C-E2A7-D11D4F5BE641</importedID>
<engineerTo>
<item key="5A0E0822-DCE1-7DC1-2082-81AEAF2B422C" value="true"/>
</engineerTo>
<nullsAllowed>true</nullsAllowed>
<useDomainConstraints>false</useDomainConstraints>
<use>1</use>
<logicalDatatype>LOGDT024</logicalDatatype>
<dataTypeSize>255</dataTypeSize>
</Attribute>
<Attribute name="tags" id="25F82B38-246C-3ECC-9532-F110872F24A6">
<createdBy>KimPhung</createdBy>
<createdTime>2014-11-24 16:43:00 UTC</createdTime>
<ownerDesignName>pkd</ownerDesignName>
<importedID>D4AD23AF-5C56-5437-7426-9E634A648E3D</importedID>
<engineerTo>
<item key="5A0E0822-DCE1-7DC1-2082-81AEAF2B422C" value="true"/>
</engineerTo>
<nullsAllowed>true</nullsAllowed>
<useDomainConstraints>false</useDomainConstraints>
<use>1</use>
<logicalDatatype>LOGDT024</logicalDatatype>
<dataTypeSize>255</dataTypeSize>
</Attribute>
<Attribute name="pokemon_id" id="286C962F-7C72-5474-D3FF-C52C67DBF4CB">
<createdBy>KimPhung</createdBy>
<createdTime>2014-11-24 16:43:34 UTC</createdTime>
<generatorID>EDA1952F-CC28-59A7-0F0C-2563350A254B</generatorID>
<ownerDesignName>pkd</ownerDesignName>
<engineerTo>
<item key="5A0E0822-DCE1-7DC1-2082-81AEAF2B422C" value="true"/>
</engineerTo>
<nullsAllowed>true</nullsAllowed>
<referedAttribute>3451ACA6-8562-6885-F1CB-C1FB6D2BCBD6</referedAttribute>
<useDomainConstraints>false</useDomainConstraints>
<use>1</use>
<logicalDatatype>LOGDT011</logicalDatatype>
</Attribute>
</attributes>
<identifiers itemClass="oracle.dbtools.crest.model.design.logical.CandidateKey">
<identifier id="5E40A97D-4073-FED3-10F0-C7C2D9A6F2DC" name="PKD_type PK">
<createdBy>KimPhung</createdBy>
<createdTime>2014-11-24 16:43:00 UTC</createdTime>
<ownerDesignName>pkd</ownerDesignName>
<engineerTo>
<item key="5A0E0822-DCE1-7DC1-2082-81AEAF2B422C" value="true"/>
</engineerTo>
<pk>true</pk>
<usedAttributes>
<attributeRef>72490EFE-638F-7574-F52C-C96919EDE55B</attributeRef>
</usedAttributes>
</identifier>
</identifiers>
</Entity>