<?xml version = '1.0' encoding = 'UTF-8'?>
<Entity class="oracle.dbtools.crest.model.design.logical.Entity" directorySegmentName="seg_0" id="950DBE03-1D36-8D7F-0690-112ABB41A062" name="PKD_pokemon">
<createdBy>KimPhung</createdBy>
<createdTime>2014-10-29 21:20:58 UTC</createdTime>
<ownerDesignName>pkd</ownerDesignName>
<engineerTo>
<item key="5A0E0822-DCE1-7DC1-2082-81AEAF2B422C" value="true"/>
</engineerTo>
<adequatelyNormalized>NO</adequatelyNormalized>
<expectedVolumes>0</expectedVolumes>
<fwdEngineeringStrategyName>Single Table</fwdEngineeringStrategyName>
<growthPercent>0</growthPercent>
<growthType>Year</growthType>
<maxVolumes>9999999</maxVolumes>
<minVolumes>0</minVolumes>
<normalForm>Third</normalForm>
<attributes itemClass="oracle.dbtools.crest.model.design.logical.Attribute">
<Attribute name="pokemon_id" id="3451ACA6-8562-6885-F1CB-C1FB6D2BCBD6">
<createdBy>KimPhung</createdBy>
<createdTime>2014-10-29 21:22:14 UTC</createdTime>
<ownerDesignName>pkd</ownerDesignName>
<shouldEngineer>false</shouldEngineer>
<engineerTo>
<item key="5A0E0822-DCE1-7DC1-2082-81AEAF2B422C" value="false"/>
</engineerTo>
<useDomainConstraints>false</useDomainConstraints>
<use>1</use>
<logicalDatatype>LOGDT011</logicalDatatype>
</Attribute>
<Attribute name="dex_no" id="E6CD7786-4702-4B60-48FF-D5DECE6F0827">
<createdBy>KimPhung</createdBy>
<createdTime>2014-10-29 23:25:01 UTC</createdTime>
<ownerDesignName>pkd</ownerDesignName>
<shouldEngineer>false</shouldEngineer>
<engineerTo>
<item key="5A0E0822-DCE1-7DC1-2082-81AEAF2B422C" value="false"/>
</engineerTo>
<nullsAllowed>true</nullsAllowed>
<useDomainConstraints>false</useDomainConstraints>
<use>1</use>
<logicalDatatype>LOGDT011</logicalDatatype>
</Attribute>
<Attribute name="name" id="7F8A9A82-3448-C4BC-74D7-902841F96FFC">
<createdBy>KimPhung</createdBy>
<createdTime>2014-10-29 21:25:27 UTC</createdTime>
<ownerDesignName>pkd</ownerDesignName>
<shouldEngineer>false</shouldEngineer>
<engineerTo>
<item key="5A0E0822-DCE1-7DC1-2082-81AEAF2B422C" value="false"/>
</engineerTo>
<useDomainConstraints>false</useDomainConstraints>
<use>1</use>
<logicalDatatype>LOGDT024</logicalDatatype>
<dataTypeSize>255</dataTypeSize>
</Attribute>
<Attribute name="height" id="4B105DD7-E160-F89E-46F6-B742B80E48F1">
<createdBy>KimPhung</createdBy>
<createdTime>2014-10-29 21:28:10 UTC</createdTime>
<ownerDesignName>pkd</ownerDesignName>
<shouldEngineer>false</shouldEngineer>
<engineerTo>
<item key="5A0E0822-DCE1-7DC1-2082-81AEAF2B422C" value="false"/>
</engineerTo>
<nullsAllowed>true</nullsAllowed>
<useDomainConstraints>false</useDomainConstraints>
<use>1</use>
<logicalDatatype>LOGDT011</logicalDatatype>
</Attribute>
<Attribute name="weight" id="7A90A872-EE2B-F0FD-E05A-F122DB5E4CE6">
<createdBy>KimPhung</createdBy>
<createdTime>2014-10-29 21:29:27 UTC</createdTime>
<ownerDesignName>pkd</ownerDesignName>
<shouldEngineer>false</shouldEngineer>
<engineerTo>
<item key="5A0E0822-DCE1-7DC1-2082-81AEAF2B422C" value="false"/>
</engineerTo>
<nullsAllowed>true</nullsAllowed>
<useDomainConstraints>false</useDomainConstraints>
<use>1</use>
<logicalDatatype>LOGDT011</logicalDatatype>
</Attribute>
<Attribute name="pokemon_id1" id="31B4AF74-C16F-E468-3119-41DE055E0935">
<createdBy>KimPhung</createdBy>
<createdTime>2014-10-29 21:32:56 UTC</createdTime>
<generatorID>C0563CCB-2E86-FC75-6AFC-42AF06AB0A96</generatorID>
<ownerDesignName>pkd</ownerDesignName>
<engineerTo>
<item key="5A0E0822-DCE1-7DC1-2082-81AEAF2B422C" value="true"/>
</engineerTo>
<nullsAllowed>true</nullsAllowed>
<referedAttribute>3451ACA6-8562-6885-F1CB-C1FB6D2BCBD6</referedAttribute>
<useDomainConstraints>false</useDomainConstraints>
<use>1</use>
<logicalDatatype>LOGDT011</logicalDatatype>
</Attribute>
<Attribute name="image" id="3DD82D65-963D-D3D5-FEBF-6CC4B5FC4185">
<createdBy>KimPhung</createdBy>
<createdTime>2014-11-02 22:01:11 UTC</createdTime>
<ownerDesignName>pkd</ownerDesignName>
<shouldEngineer>false</shouldEngineer>
<engineerTo>
<item key="5A0E0822-DCE1-7DC1-2082-81AEAF2B422C" value="false"/>
</engineerTo>
<nullsAllowed>true</nullsAllowed>
<useDomainConstraints>false</useDomainConstraints>
<use>1</use>
<logicalDatatype>LOGDT029</logicalDatatype>
</Attribute>
<Attribute name="image_mimetype" id="77D6A9E7-E8B3-5D71-C10B-2B853C87C60C">
<createdBy>KimPhung</createdBy>
<createdTime>2014-11-24 16:22:42 UTC</createdTime>
<ownerDesignName>pkd</ownerDesignName>
<shouldEngineer>false</shouldEngineer>
<engineerTo>
<item key="5A0E0822-DCE1-7DC1-2082-81AEAF2B422C" value="false"/>
</engineerTo>
<nullsAllowed>true</nullsAllowed>
<useDomainConstraints>false</useDomainConstraints>
<use>1</use>
<logicalDatatype>LOGDT024</logicalDatatype>
<dataTypeSize>255</dataTypeSize>
</Attribute>
<Attribute name="image_filename" id="006A68D2-9C94-8CF3-F73D-79540B986EB5">
<createdBy>KimPhung</createdBy>
<createdTime>2014-11-24 16:22:42 UTC</createdTime>
<ownerDesignName>pkd</ownerDesignName>
<shouldEngineer>false</shouldEngineer>
<engineerTo>
<item key="5A0E0822-DCE1-7DC1-2082-81AEAF2B422C" value="false"/>
</engineerTo>
<nullsAllowed>true</nullsAllowed>
<useDomainConstraints>false</useDomainConstraints>
<use>1</use>
<logicalDatatype>LOGDT024</logicalDatatype>
<dataTypeSize>255</dataTypeSize>
</Attribute>
<Attribute name="image_last_update" id="0D2D11D5-3BE0-A496-A27E-CA4D10790718">
<createdBy>KimPhung</createdBy>
<createdTime>2014-11-24 16:22:42 UTC</createdTime>
<ownerDesignName>pkd</ownerDesignName>
<shouldEngineer>false</shouldEngineer>
<engineerTo>
<item key="5A0E0822-DCE1-7DC1-2082-81AEAF2B422C" value="false"/>
</engineerTo>
<nullsAllowed>true</nullsAllowed>
<useDomainConstraints>false</useDomainConstraints>
<use>1</use>
<logicalDatatype>LOGDT007</logicalDatatype>
</Attribute>
<Attribute name="image_charset" id="C7FFB23F-FC9A-6DF0-B3B6-AEBDAE060644">
<createdBy>KimPhung</createdBy>
<createdTime>2014-11-24 16:22:42 UTC</createdTime>
<ownerDesignName>pkd</ownerDesignName>
<shouldEngineer>false</shouldEngineer>
<engineerTo>
<item key="5A0E0822-DCE1-7DC1-2082-81AEAF2B422C" value="false"/>
</engineerTo>
<nullsAllowed>true</nullsAllowed>
<useDomainConstraints>false</useDomainConstraints>
<use>1</use>
<logicalDatatype>LOGDT024</logicalDatatype>
<dataTypeSize>255</dataTypeSize>
</Attribute>
<Attribute name="icon" id="A9853B3C-BFC0-77BD-0CF4-076AA4FA17B3">
<createdBy>KimPhung</createdBy>
<createdTime>2014-11-02 22:01:22 UTC</createdTime>
<ownerDesignName>pkd</ownerDesignName>
<shouldEngineer>false</shouldEngineer>
<engineerTo>
<item key="5A0E0822-DCE1-7DC1-2082-81AEAF2B422C" value="false"/>
</engineerTo>
<nullsAllowed>true</nullsAllowed>
<useDomainConstraints>false</useDomainConstraints>
<use>1</use>
<logicalDatatype>LOGDT029</logicalDatatype>
</Attribute>
<Attribute name="icon_mimetype" id="65456B0D-AA92-4939-6136-A145902EB243">
<createdBy>KimPhung</createdBy>
<createdTime>2014-11-24 16:22:43 UTC</createdTime>
<ownerDesignName>pkd</ownerDesignName>
<shouldEngineer>false</shouldEngineer>
<engineerTo>
<item key="5A0E0822-DCE1-7DC1-2082-81AEAF2B422C" value="false"/>
</engineerTo>
<nullsAllowed>true</nullsAllowed>
<useDomainConstraints>false</useDomainConstraints>
<use>1</use>
<logicalDatatype>LOGDT024</logicalDatatype>
<dataTypeSize>255</dataTypeSize>
</Attribute>
<Attribute name="icon_filename" id="6DEBED9D-48D4-D06A-3FFB-C1ED37E4AB3C">
<createdBy>KimPhung</createdBy>
<createdTime>2014-11-24 16:22:43 UTC</createdTime>
<ownerDesignName>pkd</ownerDesignName>
<shouldEngineer>false</shouldEngineer>
<engineerTo>
<item key="5A0E0822-DCE1-7DC1-2082-81AEAF2B422C" value="false"/>
</engineerTo>
<nullsAllowed>true</nullsAllowed>
<useDomainConstraints>false</useDomainConstraints>
<use>1</use>
<logicalDatatype>LOGDT024</logicalDatatype>
<dataTypeSize>255</dataTypeSize>
</Attribute>
<Attribute name="icon_last_update" id="83BD87FD-1BDD-94F4-45D8-BCFBCCB9CD1E">
<createdBy>KimPhung</createdBy>
<createdTime>2014-11-24 16:22:43 UTC</createdTime>
<ownerDesignName>pkd</ownerDesignName>
<shouldEngineer>false</shouldEngineer>
<engineerTo>
<item key="5A0E0822-DCE1-7DC1-2082-81AEAF2B422C" value="false"/>
</engineerTo>
<nullsAllowed>true</nullsAllowed>
<useDomainConstraints>false</useDomainConstraints>
<use>1</use>
<logicalDatatype>LOGDT007</logicalDatatype>
</Attribute>
<Attribute name="icon_charset" id="AF1DA48A-9448-230B-1CE8-0CF444D9E523">
<createdBy>KimPhung</createdBy>
<createdTime>2014-11-24 16:22:43 UTC</createdTime>
<ownerDesignName>pkd</ownerDesignName>
<shouldEngineer>false</shouldEngineer>
<engineerTo>
<item key="5A0E0822-DCE1-7DC1-2082-81AEAF2B422C" value="false"/>
</engineerTo>
<nullsAllowed>true</nullsAllowed>
<useDomainConstraints>false</useDomainConstraints>
<use>1</use>
<logicalDatatype>LOGDT024</logicalDatatype>
<dataTypeSize>255</dataTypeSize>
</Attribute>
</attributes>
<identifiers itemClass="oracle.dbtools.crest.model.design.logical.CandidateKey">
<identifier id="20F6FAAE-B817-C455-06BF-4163042AB77F" name="PKD_pokemon PK">
<createdBy>KimPhung</createdBy>
<createdTime>2014-10-29 21:22:27 UTC</createdTime>
<ownerDesignName>pkd</ownerDesignName>
<shouldEngineer>false</shouldEngineer>
<engineerTo>
<item key="5A0E0822-DCE1-7DC1-2082-81AEAF2B422C" value="false"/>
</engineerTo>
<pk>true</pk>
<usedAttributes>
<attributeRef>3451ACA6-8562-6885-F1CB-C1FB6D2BCBD6</attributeRef>
</usedAttributes>
</identifier>
</identifiers>
</Entity>