<?xml version = '1.0' encoding = 'UTF-8'?>
<Entity class="oracle.dbtools.crest.model.design.logical.Entity" directorySegmentName="seg_0" id="D5CF23CD-50B5-F495-F384-FCEC4070022A" name="PKD_pk_type">
<createdBy>KimPhung</createdBy>
<createdTime>2014-10-29 21:33:25 UTC</createdTime>
<ownerDesignName>pkd</ownerDesignName>
<engineerTo>
<item key="5A0E0822-DCE1-7DC1-2082-81AEAF2B422C" value="true"/>
</engineerTo>
<adequatelyNormalized>NO</adequatelyNormalized>
<expectedVolumes>0</expectedVolumes>
<fwdEngineeringStrategyName>Single Table</fwdEngineeringStrategyName>
<growthPercent>0</growthPercent>
<growthType>Year</growthType>
<maxVolumes>9999999</maxVolumes>
<minVolumes>0</minVolumes>
<normalForm>Third</normalForm>
<attributes itemClass="oracle.dbtools.crest.model.design.logical.Attribute">
<Attribute name="pk_type_id" id="A1078950-7C90-4FD0-D922-8E7ADC7334F3">
<createdBy>KimPhung</createdBy>
<createdTime>2014-10-29 21:33:52 UTC</createdTime>
<ownerDesignName>pkd</ownerDesignName>
<shouldEngineer>false</shouldEngineer>
<engineerTo>
<item key="5A0E0822-DCE1-7DC1-2082-81AEAF2B422C" value="false"/>
</engineerTo>
<useDomainConstraints>false</useDomainConstraints>
<use>1</use>
<logicalDatatype>LOGDT011</logicalDatatype>
</Attribute>
<Attribute name="pokemon_id" id="172EBCC4-3DF5-5D9B-6B35-AA1169FF8B28">
<createdBy>KimPhung</createdBy>
<createdTime>2014-10-29 21:54:57 UTC</createdTime>
<generatorID>9036B9FC-1B1C-6EE2-1963-5AC5A72625B9</generatorID>
<ownerDesignName>pkd</ownerDesignName>
<engineerTo>
<item key="5A0E0822-DCE1-7DC1-2082-81AEAF2B422C" value="true"/>
</engineerTo>
<nullsAllowed>true</nullsAllowed>
<referedAttribute>3451ACA6-8562-6885-F1CB-C1FB6D2BCBD6</referedAttribute>
<useDomainConstraints>false</useDomainConstraints>
<use>1</use>
<logicalDatatype>LOGDT011</logicalDatatype>
</Attribute>
<Attribute name="type_id" id="BD6D0F31-47C7-6773-4EC0-8F905DAAA253">
<createdBy>KimPhung</createdBy>
<createdTime>2014-10-29 21:55:08 UTC</createdTime>
<generatorID>0FD1E1A0-420F-6D4B-8D5F-6FE6C585642C</generatorID>
<ownerDesignName>pkd</ownerDesignName>
<engineerTo>
<item key="5A0E0822-DCE1-7DC1-2082-81AEAF2B422C" value="true"/>
</engineerTo>
<nullsAllowed>true</nullsAllowed>
<referedAttribute>257FA949-FFCC-648E-DD4B-50EE415B7A05</referedAttribute>
<useDomainConstraints>false</useDomainConstraints>
<use>1</use>
<logicalDatatype>LOGDT011</logicalDatatype>
</Attribute>
</attributes>
<identifiers itemClass="oracle.dbtools.crest.model.design.logical.CandidateKey">
<identifier id="96C79EE7-3435-556A-F507-F8F0239C164E" name="PKD_pokemon_type PK">
<createdBy>KimPhung</createdBy>
<createdTime>2014-10-29 21:34:04 UTC</createdTime>
<ownerDesignName>pkd</ownerDesignName>
<shouldEngineer>false</shouldEngineer>
<engineerTo>
<item key="5A0E0822-DCE1-7DC1-2082-81AEAF2B422C" value="false"/>
</engineerTo>
<pk>true</pk>
<usedAttributes>
<attributeRef>A1078950-7C90-4FD0-D922-8E7ADC7334F3</attributeRef>
</usedAttributes>
</identifier>
</identifiers>
</Entity>