<?xml version = '1.0' encoding = 'UTF-8'?>
<relationalModel class="oracle.dbtools.crest.model.design.relational.RelationalDesign" name="Relational_1" id="F0438EF2-4025-A818-4A91-84B98223F29E" mainViewID="A9D059EE-ACA4-EBA4-D3DB-C16B897267C0">
<createdBy>KimPhung</createdBy>
<createdTime>2014-11-24 16:43:59 UTC</createdTime>
<ownerDesignName>pkd-concept</ownerDesignName>
<shouldBeOpen>true</shouldBeOpen>
<selectedRDBMSSite>32076570-2523-435C-2E92-BF29817DFF70</selectedRDBMSSite>
</relationalModel>